ticker,name,exchange,layer,subcategory,exposure,tier,sec_cik
MSFT,Microsoft,NASDAQ,AI demand,Hyperscaler,Direct (buyer),gauge,
GOOGL,Alphabet,NASDAQ,AI demand,Hyperscaler,Direct (buyer),gauge,
AMZN,Amazon,NASDAQ,AI demand,Hyperscaler,Direct (buyer),gauge,
META,Meta Platforms,NASDAQ,AI demand,AI lab / hyperscaler,Direct (buyer),gauge,
ORCL,Oracle,NYSE,AI demand,AI cloud / data centers,Direct,watch,
NVDA,NVIDIA,NASDAQ,Compute,GPUs & systems,Direct,core,
AVGO,Broadcom,NASDAQ,Compute,Custom accelerators & networking,Direct,core,
AMD,AMD,NASDAQ,Compute,GPUs & CPUs,Direct,watch,
MRVL,Marvell,NASDAQ,Compute,Custom silicon & optics DSPs,Direct,watch,
ARM,Arm Holdings,NASDAQ,Compute,CPU IP,Indirect,watch,
TSM,TSMC,NYSE (ADR),Semiconductors,Foundry + advanced packaging,Direct,core,
ASML,ASML,NASDAQ (ADR),Semiconductors,Lithography,Indirect,core,
AMAT,Applied Materials,NASDAQ,Semiconductors,Wafer fab equipment,Indirect,watch,
LRCX,Lam Research,NASDAQ,Semiconductors,Etch & deposition,Indirect,watch,
KLAC,KLA,NASDAQ,Semiconductors,Inspection & metrology,Indirect,core,
MU,Micron,NASDAQ,Semiconductors,HBM / DRAM / NAND,Direct,core,
SKHY,SK hynix,NASDAQ (ADR),Semiconductors,HBM leader,Direct,core,
AMKR,Amkor,NASDAQ,Semiconductors,Outsourced packaging & test,Direct,watch,
TER,Teradyne,NASDAQ,Semiconductors,Test equipment,Indirect,watch,
ANET,Arista Networks,NYSE,Networking,Ethernet switching,Direct,core,
CRDO,Credo,NASDAQ,Networking,Active electrical cables & SerDes,Direct,watch,
ALAB,Astera Labs,NASDAQ,Networking,PCIe/CXL connectivity,Direct,watch,
COHR,Coherent,NYSE,Networking,Optical transceivers & lasers,Direct,watch,
LITE,Lumentum,NASDAQ,Networking,Lasers & optical components,Direct,watch,
GLW,Corning,NYSE,Networking,Optical fiber,Indirect,watch,
CLS,Celestica,NYSE,Networking,Switch & server manufacturing,Direct,watch,
EQIX,Equinix,NASDAQ,Data centers,Colocation REIT,Indirect,watch,
DLR,Digital Realty,NYSE,Data centers,Hyperscale data-center REIT,Direct,watch,
CRWV,CoreWeave,NASDAQ,Data centers,GPU cloud,Direct,watch,
NBIS,Nebius,NASDAQ,Data centers,GPU cloud,Direct,watch,
IREN,IREN,NASDAQ,Data centers,Power-served sites (ex-bitcoin miner),Direct,watch,
DELL,Dell Technologies,NYSE,Data centers,AI servers,Direct,watch,
SMCI,Super Micro,NASDAQ,Data centers,AI servers,Direct,off,
VRT,Vertiv,NYSE,Cooling,Power & thermal systems,Direct,core,
MOD,Modine,NYSE,Cooling,Data-center cooling,Direct,watch,
AAON,AAON,NASDAQ,Cooling,HVAC / liquid cooling,Indirect,watch,
VST,Vistra,NYSE,Electricity,Independent power producer,Direct,watch,
CEG,Constellation Energy,NASDAQ,Electricity,Nuclear fleet,Direct,watch,
TLN,Talen Energy,NASDAQ,Electricity,IPP with nuclear,Direct,watch,
BE,Bloom Energy,NYSE,Electricity,On-site fuel cells,Direct,watch,
NEE,NextEra Energy,NYSE,Electricity,Utility + renewables developer,Indirect,watch,
ETN,Eaton,NYSE,Grid infrastructure,Electrical equipment,Direct,core,
PWR,Quanta Services,NYSE,Grid infrastructure,Grid & electrical construction,Direct,core,
HUBB,Hubbell,NYSE,Grid infrastructure,Utility electrical products,Indirect,watch,
POWL,Powell Industries,NASDAQ,Grid infrastructure,Custom switchgear,Direct,watch,
FIX,Comfort Systems USA,NYSE,Grid infrastructure,Mechanical & electrical contracting,Direct,core,
EME,EMCOR,NYSE,Grid infrastructure,Electrical & mechanical contracting,Direct,watch,
STRL,Sterling Infrastructure,NASDAQ,Grid infrastructure,Site development,Direct,watch,
MTZ,MasTec,NYSE,Grid infrastructure,Infrastructure construction,Indirect,watch,
GEV,GE Vernova,NYSE,Generation & fuel,"Gas turbines, grid equipment",Direct,core,
CAT,Caterpillar,NYSE,Generation & fuel,"Generators, recip engines, Solar turbines",Indirect,watch,
WMB,Williams,NYSE,Generation & fuel,Gas pipelines,Indirect,watch,
KMI,Kinder Morgan,NYSE,Generation & fuel,Gas pipelines,Indirect,watch,
EQT,EQT,NYSE,Generation & fuel,Natural gas producer,Indirect,watch,
CCJ,Cameco,NYSE,Generation & fuel,Uranium,Speculative,watch,
BWXT,BWX Technologies,NYSE,Generation & fuel,Nuclear components,Speculative,watch,
LEU,Centrus Energy,NYSE,Generation & fuel,Enrichment,Speculative,off,
OKLO,Oklo,NYSE,Generation & fuel,Small reactors,Speculative,off,
SMR,NuScale,NYSE,Generation & fuel,Small reactors,Speculative,off,
PLTR,Palantir,NASDAQ,Applications,AI software,Demand signal,off,
NOW,ServiceNow,NYSE,Applications,AI software,Demand signal,off,
SNOW,Snowflake,NYSE,Applications,Data platform,Demand signal,off,
FCEL,FuelCell Energy,NASDAQ,Off-thesis,Fuel cells,Speculative,off,
NVTS,Navitas,NASDAQ,Off-thesis,GaN power chips,Speculative,off,
IONQ,IonQ,NYSE,Off-thesis,Quantum,Speculative,off,
ACHR,Archer Aviation,NYSE,Off-thesis,eVTOL,Speculative,off,
SPCX,SpaceX,—,Off-thesis,Space / Starlink / xAI-related,Speculative,off,
QQQM,Invesco Nasdaq-100 ETF,NASDAQ,Broad holdings,Nasdaq-100 index fund,Indirect (index),holding,
IBIT,iShares Bitcoin Trust,ETF,Broad holdings,Bitcoin,—,holding,
SCHF,Schwab Intl Equity ETF,ETF,Broad holdings,Developed markets ex-US,—,holding,
SCHB,Schwab US Broad Market ETF,ETF,Broad holdings,Total US market,—,holding,
SCHG,Schwab US Large-Cap Growth ETF,ETF,Broad holdings,US large-cap growth,—,holding,
SCHD,Schwab US Dividend Equity ETF,ETF,Broad holdings,US dividend stocks,—,holding,
VHT,Vanguard Health Care ETF,ETF,Broad holdings,US health care,—,holding,
SPY,S&P 500 ETF,ETF,Benchmark,Benchmark,—,benchmark,
QQQ,Nasdaq-100 ETF,ETF,Benchmark,Benchmark,—,benchmark,
SMH,Semiconductor ETF,ETF,Benchmark,Benchmark,—,benchmark,
