date,open,high,low,close,adj_close,volume
2020-10-13,121.08,121.97,120.56,121.05,116.6777,13100
2020-10-14,121.33,121.719,119.369,119.97,115.6367,37800
2020-10-15,118.03,119.28,117.789,119.107,114.8049,30600
2020-10-16,119.9,120.41,118.5,118.5,114.2199,51000
2020-10-19,119.83,119.83,116.235,116.45,112.2439,50600
2020-10-20,116.91,118.086,116.29,116.89,112.668,49800
2020-10-21,116.95,118.0,116.67,117.04,112.8126,28200
2020-10-22,117.11,117.349,115.46,116.72,112.5042,24800
2020-10-23,116.99,117.0,115.81,117.0,112.774,40600
2020-10-26,116.01,116.98,113.849,115.18,111.0198,74400
2020-10-27,115.62,116.45,115.14,116.09,111.8969,46900
2020-10-28,114.28,114.28,111.5,111.69,107.6558,138800
2020-10-29,112.16,114.669,112.001,113.51,109.4101,79600
2020-10-30,112.7,113.01,109.69,110.86,106.8558,130600
2020-11-02,111.65,112.24,109.7,110.9,106.8944,74100
2020-11-03,111.71,113.63,111.31,113.431,109.3339,61800
2020-11-04,116.45,118.552,115.97,117.79,113.5355,109700
2020-11-05,120.51,121.299,120.02,120.92,116.5524,146500
2020-11-06,120.63,121.22,119.075,121.0,116.6295,47100
2020-11-09,122.21,122.71,118.5,118.5,114.2199,154000
2020-11-10,117.15,117.68,115.351,116.317,112.1157,84200
2020-11-11,117.47,119.2,117.47,119.11,114.8078,65800
2020-11-12,119.48,119.94,118.0,118.42,114.1427,44900
2020-11-13,119.19,119.618,118.303,119.55,115.2319,39900
2020-11-16,119.46,120.491,119.03,120.07,115.7331,47000
2020-11-17,120.56,120.63,119.86,120.06,115.7235,29000
2020-11-18,119.86,120.47,119.408,119.548,115.23,35200
2020-11-19,118.97,120.13,118.81,120.13,115.791,52700
2020-11-20,120.07,120.299,119.39,119.39,115.0777,37000
2020-11-23,119.77,120.17,118.36,119.3,114.9909,50500
2020-11-24,119.8,121.11,119.075,121.04,116.6681,90900
2020-11-25,121.39,121.949,121.192,121.719,117.3226,44200
2020-11-27,122.55,123.3,122.422,122.75,118.3163,35500
2020-11-30,122.97,123.16,121.14,123.01,118.567,84000
2020-12-01,124.07,125.32,123.679,124.72,120.2152,92800
2020-12-02,124.16,124.92,123.44,124.84,120.3309,140900
2020-12-03,124.95,125.613,124.74,125.02,120.5044,93200
2020-12-04,125.05,125.53,124.78,125.45,120.9188,74300
2020-12-07,125.62,126.329,125.48,125.83,121.2851,76700
2020-12-08,126.02,126.72,125.309,126.605,122.0321,54800
2020-12-09,126.59,126.62,123.369,123.85,119.3766,148700
2020-12-10,122.95,124.67,122.441,124.26,119.7718,128300
2020-12-11,123.55,124.02,122.61,123.97,119.4923,54200
2020-12-14,124.54,125.7,124.54,124.89,120.379,184100
2020-12-15,125.89,126.23,125.0,126.23,121.6706,64300
2020-12-16,126.44,127.24,125.98,126.91,122.3261,84900
2020-12-17,127.62,127.787,127.1,127.76,123.1454,57900
2020-12-18,128.11,128.11,126.37,127.43,122.8273,84300
2020-12-21,126.12,127.07,124.79,126.89,122.5048,85100
2020-12-22,127.25,127.66,126.29,127.24,122.8427,59000
2020-12-23,127.5,127.5,126.61,126.66,122.2828,69000
2020-12-24,126.96,127.37,126.769,127.19,122.7945,32000
2020-12-28,128.43,128.659,127.57,128.48,124.0399,59200
2020-12-29,129.08,129.29,128.254,128.63,124.1847,66600
2020-12-30,129.36,129.36,128.34,128.53,124.0882,89900
2020-12-31,128.78,129.003,128.195,128.91,124.4551,73500
2021-01-04,129.6,129.6,125.45,127.08,122.6883,160800
2021-01-05,126.76,128.17,126.76,128.095,123.6682,66600
2021-01-06,126.37,128.08,125.76,126.33,121.9642,469300
2021-01-07,127.58,129.734,127.58,129.46,124.986,97100
2021-01-08,130.52,131.2,129.5,131.14,126.6079,78400
2021-01-11,129.99,130.31,128.962,129.18,124.7157,69500
2021-01-12,129.29,129.63,127.95,129.14,124.6771,122100
2021-01-13,129.0,130.15,128.92,129.84,125.3529,56600
2021-01-14,130.27,130.416,129.0,129.14,124.6771,90000
2021-01-15,128.83,129.5,127.71,128.1,123.673,102700
2021-01-19,129.2,130.18,128.797,130.03,125.5363,82300
2021-01-20,131.69,133.41,131.45,133.07,128.4713,120500
2021-01-21,133.7,134.372,133.05,134.15,129.514,159700
2021-01-22,133.61,134.13,133.49,133.78,129.1568,124900
2021-01-25,135.31,135.68,132.25,134.63,129.9774,155200
2021-01-26,135.26,135.362,134.47,135.04,130.3732,75600
2021-01-27,134.24,134.24,130.5,131.45,126.9073,148600
2021-01-28,131.91,134.06,131.618,132.08,127.5155,88600
2021-01-29,131.51,131.65,128.59,129.37,124.8991,119300
2021-02-01,130.91,132.88,129.97,132.54,127.9596,131300
2021-02-02,133.82,135.04,133.75,134.715,130.0594,111600
2021-02-03,135.7,135.7,134.22,134.22,129.5815,93100
2021-02-04,134.87,135.67,134.17,135.65,130.9621,76200
2021-02-05,136.26,136.575,135.48,136.19,131.4835,182400
2021-02-08,137.0,137.119,136.2,137.04,132.3041,105200
2021-02-09,136.84,137.56,136.84,137.01,132.2751,101700
2021-02-10,137.65,137.72,135.5,136.67,131.9468,104500
2021-02-11,137.57,137.64,136.5,137.439,132.6893,136200
2021-02-12,137.03,138.29,136.75,138.29,133.5109,87100
2021-02-16,138.74,138.93,137.438,137.91,133.144,106500
2021-02-17,136.77,137.26,135.7,137.23,132.4875,105000
2021-02-18,135.83,136.9,134.997,136.65,131.9276,99800
2021-02-19,137.34,137.34,135.7,135.96,131.2614,93500
2021-02-22,134.29,134.61,132.48,132.55,127.9692,156800
2021-02-23,130.36,132.76,127.885,132.16,127.5927,210100
2021-02-24,130.91,133.3,129.854,133.24,128.6354,163900
2021-02-25,132.18,133.09,127.97,128.53,124.0882,250600
2021-02-26,129.817,130.98,127.889,129.72,125.2371,178100
2021-03-01,131.23,133.1,130.775,132.96,128.3651,91900
2021-03-02,133.37,133.37,130.8,130.8,126.2797,93700
2021-03-03,130.32,130.61,127.05,127.05,122.6593,142900
2021-03-04,127.02,128.2,123.36,124.91,120.5933,206300
2021-03-05,126.41,127.199,122.33,126.98,122.5917,223100
2021-03-08,126.76,127.38,123.24,123.25,118.9906,160400
2021-03-09,126.35,128.89,126.08,128.24,123.8082,169500
2021-03-10,130.01,130.01,127.5,127.7,123.2868,177200
2021-03-11,129.95,131.38,129.498,130.78,126.2604,144500
2021-03-12,128.94,129.67,128.028,129.62,125.1405,119700
2021-03-15,129.85,131.1,129.291,131.04,126.5114,91200
2021-03-16,131.93,133.19,131.177,131.73,127.1776,144600
2021-03-17,130.52,132.91,129.78,132.26,127.6893,69200
2021-03-18,130.36,130.62,128.03,128.27,123.8372,155600
2021-03-19,128.27,129.34,127.26,128.78,124.3295,128400
2021-03-22,129.71,131.78,129.5,130.98,126.6078,74100
2021-03-23,131.46,131.9,130.17,130.3,125.9505,91100
2021-03-24,131.12,131.12,128.2,128.2,123.9207,130400
2021-03-25,127.41,128.44,126.36,127.98,123.708,165200
2021-03-26,127.92,129.94,127.35,129.94,125.6026,76200
2021-03-29,129.51,130.218,128.457,129.66,125.3319,151900
2021-03-30,129.0,129.325,128.04,129.21,124.8969,106300
2021-03-31,130.0,131.715,129.97,131.22,126.8399,159400
2021-04-01,132.65,133.42,132.56,133.39,128.9374,99100
2021-04-05,134.55,136.27,134.41,136.1,131.557,166500
2021-04-06,136.02,136.72,135.65,135.895,131.3588,75600
2021-04-07,135.88,136.62,135.47,136.27,131.7213,139000
2021-04-08,137.55,137.73,137.18,137.68,133.0842,99800
2021-04-09,137.18,138.599,136.85,138.5,133.8768,89100
2021-04-12,138.22,138.52,137.62,138.39,133.7706,94400
2021-04-13,139.02,140.09,139.0,139.97,135.2978,73400
2021-04-14,140.16,140.16,137.95,138.26,133.6448,164200
2021-04-15,139.48,140.5,139.48,140.34,135.6554,148200
2021-04-16,140.61,140.64,139.825,140.59,135.897,64800
2021-04-19,139.93,140.32,138.5,139.32,134.6694,88000
2021-04-20,139.1,139.438,137.432,138.25,133.6352,94300
2021-04-21,137.72,139.485,137.5,139.4,134.7468,92000
2021-04-22,139.36,139.64,137.3,137.84,133.2388,95300
2021-04-23,138.18,140.01,138.128,139.5,134.8434,77100
2021-04-26,139.69,140.48,139.315,140.4,135.7134,71000
2021-04-27,140.59,140.59,139.41,139.69,135.0271,86000
2021-04-28,139.67,140.02,139.1,139.25,134.6018,98000
2021-04-29,140.79,140.85,138.49,139.79,135.1238,105500
2021-04-30,138.79,139.71,138.566,138.83,134.1958,151000
2021-05-03,139.42,139.71,137.97,138.14,133.5288,155700
2021-05-04,137.07,137.07,134.1,135.81,131.2766,179900
2021-05-05,136.68,136.87,134.86,135.23,130.716,100600
2021-05-06,135.13,136.28,134.23,136.25,131.702,96900
2021-05-07,137.55,138.29,136.975,137.43,132.8425,177400
2021-05-10,136.82,136.82,133.78,133.94,129.4691,169000
2021-05-11,131.44,134.02,131.1,133.75,129.2854,145000
2021-05-12,131.64,132.475,129.91,130.26,125.9119,210800
2021-05-13,131.44,132.36,130.27,131.22,126.8399,105100
2021-05-14,132.76,134.5,132.44,134.19,129.7107,106100
2021-05-17,133.47,133.64,132.21,133.3,128.8504,70800
2021-05-18,133.86,134.21,132.36,132.36,127.9418,95200
2021-05-19,130.22,132.65,130.165,132.65,128.2221,100500
2021-05-20,133.21,135.471,133.21,135.12,130.6096,73700
2021-05-21,135.93,135.93,134.25,134.33,129.846,177600
2021-05-24,135.37,137.13,135.28,136.63,132.0693,115900
2021-05-25,137.31,137.6,136.395,136.89,132.3206,166100
2021-05-26,137.13,137.5,136.84,137.34,132.7556,111300
2021-05-27,137.21,137.45,136.789,136.89,132.3206,83100
2021-05-28,137.47,137.909,137.12,137.23,132.6492,193900
2021-06-01,137.85,137.96,136.32,136.81,132.2433,118900
2021-06-02,136.94,137.402,136.33,137.03,132.4559,93100
2021-06-03,135.89,136.293,135.0,135.59,131.064,83500
2021-06-04,136.42,138.11,136.42,137.95,133.3452,93100
2021-06-07,137.77,138.36,137.52,138.33,133.7125,100000
2021-06-08,139.04,139.415,137.72,138.35,133.7318,69600
2021-06-09,139.0,139.29,138.386,138.47,133.8479,138600
2021-06-10,138.7,139.88,138.47,139.875,135.2059,90800
2021-06-11,140.0,140.224,139.7,140.22,135.5394,71400
2021-06-14,140.45,141.503,140.06,141.503,136.7796,60700
2021-06-15,141.61,141.61,140.45,140.73,136.0324,60300
2021-06-16,140.96,141.3,138.7,140.17,135.4911,134300
2021-06-17,139.83,142.33,139.83,141.94,137.202,136500
2021-06-18,141.43,141.61,140.58,140.79,136.0904,94400
2021-06-21,140.8,141.58,139.81,141.51,136.9634,99800
2021-06-22,141.55,143.0,141.41,142.84,138.2506,95700
2021-06-23,142.94,143.37,142.727,142.84,138.2506,106500
2021-06-24,143.76,144.38,143.48,143.72,139.1024,252000
2021-06-25,144.1,144.1,143.4,143.62,139.0056,70300
2021-06-28,144.22,145.404,144.22,145.38,140.7091,159900
2021-06-29,145.4,145.89,145.0,145.85,141.164,85600
2021-06-30,145.89,145.95,145.48,145.73,141.0478,88000
2021-07-01,145.59,145.85,145.0,145.73,141.0478,278300
2021-07-02,146.56,147.51,146.47,147.37,142.6351,148500
2021-07-06,147.73,148.099,146.52,147.96,143.2062,104100
2021-07-07,149.14,149.14,147.57,148.25,143.4869,214500
2021-07-08,146.13,147.78,145.69,147.44,142.7029,288600
2021-07-09,147.22,148.52,146.955,148.34,143.574,191300
2021-07-12,149.01,149.12,148.29,148.95,144.1644,162800
2021-07-13,148.78,150.15,148.686,148.94,144.1547,259600
2021-07-14,149.91,150.18,148.95,149.18,144.387,258800
2021-07-15,149.15,149.21,147.355,148.14,143.3804,281000
2021-07-16,148.5,148.92,146.83,146.96,142.2383,207900
2021-07-19,145.52,145.92,144.75,145.78,141.0962,329600
2021-07-20,146.19,148.06,145.46,147.46,142.7222,195700
2021-07-21,147.33,148.55,147.29,148.52,143.7482,203800
2021-07-22,148.72,149.57,148.72,149.57,144.7645,171800
2021-07-23,150.21,151.42,149.71,151.22,146.3614,189800
2021-07-26,151.03,151.59,150.727,151.43,146.5647,288500
2021-07-27,151.32,151.32,148.04,149.8,144.9871,321400
2021-07-28,150.23,150.97,149.33,150.34,145.5097,328000
2021-07-29,150.21,151.07,150.156,150.6,145.7614,197700
2021-07-30,148.97,150.06,148.94,149.84,145.0258,202900
2021-08-02,150.57,150.73,149.6,149.83,145.0161,257600
2021-08-03,150.19,150.78,148.83,150.74,145.8969,446300
2021-08-04,150.75,151.35,150.335,150.97,146.1195,287800
2021-08-05,151.34,152.0,151.05,151.92,147.039,176900
2021-08-06,151.45,151.76,150.86,151.26,146.4002,186700
2021-08-09,151.5,151.75,151.0,151.54,146.6712,135400
2021-08-10,151.76,151.869,150.27,150.77,145.9259,255300
2021-08-11,151.29,151.45,149.95,150.5,145.6646,190100
2021-08-12,150.28,151.18,149.73,151.05,146.1969,173900
2021-08-13,151.21,151.7,150.99,151.57,146.7002,161100
2021-08-16,151.15,151.66,149.46,151.65,146.7776,346400
2021-08-17,150.493,150.885,149.29,150.31,145.4807,381100
2021-08-18,150.01,150.632,148.73,148.87,144.0869,207400
2021-08-19,148.03,150.225,147.94,149.57,144.7645,344500
2021-08-20,150.07,151.29,149.94,151.12,146.2647,224800
2021-08-23,151.57,153.655,151.57,153.36,148.4327,409000
2021-08-24,153.64,154.104,153.45,153.87,148.9263,208200
2021-08-25,154.01,154.27,153.67,153.96,149.0134,296200
2021-08-26,153.75,153.96,152.9,153.07,148.152,341400
2021-08-27,153.3,154.73,153.12,154.53,149.5651,224400
2021-08-30,154.88,156.475,154.88,156.28,151.2589,822800
2021-08-31,156.38,156.38,155.5,156.13,151.1137,277800
2021-09-01,156.63,157.27,156.34,156.41,151.3847,376700
2021-09-02,156.98,157.12,155.86,156.35,151.3266,330600
2021-09-03,155.93,156.95,155.93,156.82,151.7815,214500
2021-09-07,156.86,157.31,156.38,157.04,151.9944,293900
2021-09-08,156.95,156.95,155.55,156.51,151.4815,348100
2021-09-09,156.58,157.03,155.87,155.96,150.9491,317100
2021-09-10,156.71,156.97,154.65,154.8,149.8264,344400
2021-09-13,155.77,155.93,153.8,154.68,149.7103,335200
2021-09-14,155.31,155.57,153.84,154.24,149.2844,326700
2021-09-15,154.43,155.51,153.5,155.36,150.3684,445500
2021-09-16,154.83,155.71,154.01,155.47,150.4749,446100
2021-09-17,155.16,155.16,153.23,153.67,148.7327,358200
2021-09-20,151.09,151.9,148.35,150.4,145.7252,1770000
2021-09-21,151.26,151.55,150.06,150.45,145.7736,992800
2021-09-22,150.95,152.5,150.45,151.87,147.1495,403500
2021-09-23,152.4,153.72,152.19,153.25,148.4866,319200
2021-09-24,152.33,153.6,152.2,153.44,148.6707,330300
2021-09-27,152.11,152.56,151.17,152.22,147.4886,488600
2021-09-28,150.27,150.527,147.75,148.05,143.4482,844100
2021-09-29,148.43,149.29,147.46,147.67,143.0801,666800
2021-09-30,148.38,149.04,147.0,147.11,142.5374,1045300
2021-10-01,147.4,148.46,145.68,148.03,143.4288,786500
2021-10-04,147.31,147.4,143.98,145.01,140.5027,1071800
2021-10-05,145.39,147.8,145.29,146.88,142.3147,1172800
2021-10-06,145.49,147.94,145.17,147.88,143.2835,729900
2021-10-07,149.17,150.29,148.9,149.18,144.5431,369000
2021-10-08,149.72,149.72,148.23,148.45,143.8358,449300
2021-10-11,147.79,149.26,147.29,147.32,142.741,498100
2021-10-12,147.9,148.07,146.54,146.82,142.2565,307700
2021-10-13,147.8,148.2,146.92,147.95,143.3514,302100
2021-10-14,149.49,150.75,149.23,150.69,146.0062,232300
2021-10-15,151.3,151.69,150.77,151.66,146.9461,201400
2021-10-18,151.12,153.25,150.91,153.17,148.4091,314300
2021-10-19,153.69,154.34,153.35,154.26,149.4653,306400
2021-10-20,154.53,154.75,153.55,154.11,149.3199,241200
2021-10-21,153.8,155.15,153.8,155.08,150.2597,217200
2021-10-22,154.5,154.919,153.15,153.76,148.9807,201300
2021-10-25,154.37,155.7,153.65,155.35,150.5214,269200
2021-10-26,156.31,157.27,155.38,155.77,150.9283,269900
2021-10-27,156.01,157.47,155.91,156.21,151.3546,332400
2021-10-28,156.94,158.01,156.74,157.91,153.0018,261600
2021-10-29,156.55,158.76,156.47,158.75,153.8157,302800
2021-11-01,158.97,159.287,158.04,159.22,154.271,406400
2021-11-02,159.04,160.11,158.98,159.89,154.9202,299700
2021-11-03,160.16,161.78,159.71,161.63,156.6062,340400
2021-11-04,162.15,164.06,161.96,163.68,158.5924,837700
2021-11-05,164.4,164.78,163.32,163.83,158.7378,522500
2021-11-08,163.85,164.24,163.35,163.62,158.5343,264900
2021-11-09,164.13,164.23,161.92,162.51,157.4588,527100
2021-11-10,161.3,162.48,159.32,160.12,155.1431,553600
2021-11-11,161.41,161.41,160.4,160.55,155.5598,268600
2021-11-12,161.04,162.439,160.39,162.23,157.1875,264200
2021-11-15,162.74,162.86,161.17,162.2,157.1584,333100
2021-11-16,161.94,163.55,161.92,163.38,158.3018,237800
2021-11-17,163.53,164.27,163.08,163.43,158.3502,374200
2021-11-18,164.34,165.34,163.39,165.11,159.978,358000
2021-11-19,165.87,166.58,165.5,166.07,160.9081,3670700
2021-11-22,166.82,167.91,164.1,164.18,159.0769,2194000
2021-11-23,163.65,164.49,161.53,163.39,158.3114,658000
2021-11-24,162.35,164.03,161.4,163.9,158.8056,499300
2021-11-26,162.85,163.4,160.27,160.8,155.8019,421500
2021-11-29,162.73,164.69,162.45,164.26,159.1544,457400
2021-11-30,163.88,164.84,161.11,161.89,156.8581,929700
2021-12-01,163.78,164.6,158.97,159.22,154.271,1008800
2021-12-02,158.64,161.02,157.99,160.31,155.3272,1156200
2021-12-03,160.92,161.24,155.79,157.54,152.6432,1172300
2021-12-06,157.6,159.3,155.99,158.76,153.8254,757200
2021-12-07,161.63,163.78,161.591,163.62,158.5343,504900
2021-12-08,163.71,164.35,162.92,164.3,159.1931,507000
2021-12-09,163.8,164.496,161.79,161.96,156.9259,522400
2021-12-10,163.11,163.74,161.72,163.65,158.5633,562200
2021-12-13,163.67,163.71,161.12,161.27,156.2573,389100
2021-12-14,159.22,160.36,157.78,159.67,154.7071,525200
2021-12-15,159.56,163.346,157.85,163.12,158.0499,497900
2021-12-16,163.7,163.82,158.36,159.12,154.1742,620800
2021-12-17,157.54,159.93,156.956,158.25,153.3312,526100
2021-12-20,156.19,156.81,155.26,156.59,151.8658,768200
2021-12-21,158.03,160.17,156.44,160.0,155.1729,526200
2021-12-22,159.87,162.08,159.65,161.96,157.0738,436300
2021-12-23,162.17,163.82,162.14,163.25,158.3249,370300
2021-12-27,163.83,165.92,163.74,165.9,160.8949,329200
2021-12-28,166.37,166.38,164.81,165.19,160.2063,478600
2021-12-29,165.29,165.72,164.16,165.15,160.1676,284000
2021-12-30,165.05,165.9,164.39,164.51,159.5468,259300
2021-12-31,164.45,164.87,163.42,163.55,158.6158,356900
2022-01-03,164.11,165.28,163.25,165.24,160.2548,629800
2022-01-04,165.4,165.4,161.74,163.07,158.1503,506700
2022-01-05,162.45,162.8,157.94,158.15,153.3787,971500
2022-01-06,157.225,159.27,156.34,157.96,153.1945,922500
2022-01-07,157.855,158.62,155.5,156.27,151.5555,581900
2022-01-10,154.145,156.52,151.88,156.42,151.7009,1057000
2022-01-11,156.085,158.72,155.18,158.61,153.8249,597800
2022-01-12,159.78,160.45,158.36,159.36,154.5522,426300
2022-01-13,159.81,160.11,154.92,155.47,150.7796,905400
2022-01-14,154.34,156.41,154.21,156.28,151.5652,1127900
2022-01-18,153.99,154.68,152.07,152.62,148.0155,915300
2022-01-19,153.08,154.03,150.62,150.78,146.2311,816800
2022-01-20,152.03,153.76,148.54,148.81,144.3205,970900
2022-01-21,147.89,148.93,144.52,144.64,140.2763,1898100
2022-01-24,142.04,145.56,137.44,145.25,140.8679,3964600
2022-01-25,142.535,144.35,140.54,141.82,137.5414,1627800
2022-01-26,145.31,146.67,140.15,141.81,137.5317,4649100
2022-01-27,143.72,144.405,139.87,140.36,136.1254,956300
2022-01-28,141.11,144.76,139.0,144.68,140.3151,914100
2022-01-31,145.28,149.54,144.6,149.31,144.8054,815000
2022-02-01,149.9,150.59,147.721,150.34,145.8044,1068300
2022-02-02,152.125,152.19,149.85,151.56,146.9875,962000
2022-02-03,147.38,148.82,144.96,145.48,141.091,1426300
2022-02-04,145.7,148.63,144.824,147.15,142.7106,1146800
2022-02-07,147.53,148.43,145.54,146.1,141.6923,583100
2022-02-08,145.64,148.14,145.11,147.74,143.2828,563700
2022-02-09,149.59,150.84,148.94,150.8,146.2505,665600
2022-02-10,147.92,150.719,146.66,147.52,143.0694,1175700
2022-02-11,147.5,148.06,142.21,142.81,138.5015,934500
2022-02-14,142.5,144.32,141.46,142.99,138.6761,863600
2022-02-15,145.17,146.55,144.72,146.44,142.022,402100
2022-02-16,145.52,146.85,144.25,146.44,142.022,674600
2022-02-17,145.11,145.35,141.901,142.11,137.8226,544300
2022-02-18,142.52,142.62,139.51,140.51,136.2709,594000
2022-02-22,139.21,141.47,137.57,139.1,134.9034,987200
2022-02-23,140.41,140.67,135.37,135.47,131.3829,1381100
2022-02-24,131.15,140.27,130.878,139.97,135.7472,2256600
2022-02-25,140.325,142.3,138.85,142.24,137.9487,1045700
2022-02-28,140.88,143.34,140.41,142.79,138.4821,770000
2022-03-01,142.2,143.15,139.44,140.42,136.1836,828600
2022-03-02,141.12,143.29,139.96,142.84,138.5306,828300
2022-03-03,143.92,143.92,140.01,140.82,136.5716,800800
2022-03-04,139.8,140.35,137.8,138.78,134.5931,700100
2022-03-07,138.59,139.2,133.537,133.65,129.6179,1087000
2022-03-08,133.37,137.02,131.59,133.04,129.0263,1688100
2022-03-09,136.55,138.29,135.37,137.71,133.5554,686500
2022-03-10,136.12,136.72,134.38,136.28,132.1685,707800
2022-03-11,137.54,137.62,133.26,133.48,129.453,592000
2022-03-14,132.93,134.31,130.6,130.92,126.9702,966200
2022-03-15,132.04,135.27,131.31,135.02,130.9465,865700
2022-03-16,136.87,140.0,135.111,139.92,135.6987,1140800
2022-03-17,139.18,141.65,138.65,141.65,137.3765,757900
2022-03-18,141.08,144.692,140.5,144.58,140.2181,883400
2022-03-21,144.14,144.91,142.14,144.03,139.8724,832600
2022-03-22,144.27,147.28,144.03,146.82,142.5818,523100
2022-03-23,145.67,147.08,144.7,144.73,140.5522,813900
2022-03-24,145.5,147.92,144.67,147.88,143.6112,511500
2022-03-25,147.92,148.31,145.98,147.82,143.553,442400
2022-03-28,147.8,150.11,147.31,150.03,145.6992,637900
2022-03-29,151.84,152.92,150.62,152.67,148.263,2558300
2022-03-30,151.96,152.54,150.38,151.05,146.6897,541700
2022-03-31,151.07,151.17,148.76,148.97,144.6698,714800
2022-04-01,149.22,149.52,147.49,148.84,144.5435,453500
2022-04-04,149.21,151.9,149.07,151.87,147.4861,486800
2022-04-05,151.35,151.55,148.13,148.52,144.2328,484500
2022-04-06,146.36,146.68,144.2,145.24,141.0475,1162600
2022-04-07,144.95,146.56,143.41,145.62,141.4165,714900
2022-04-08,144.89,145.21,143.38,143.66,139.5131,667800
2022-04-11,141.77,142.165,140.08,140.34,136.2889,678300
2022-04-12,142.16,142.92,139.05,139.63,135.5994,1009400
2022-04-13,139.75,142.86,139.48,142.47,138.3575,574500
2022-04-14,142.53,142.61,139.11,139.21,135.1916,409100
2022-04-18,138.79,140.25,138.115,139.39,135.3663,482400
2022-04-19,139.04,142.64,138.69,142.41,138.2992,448800
2022-04-20,142.83,142.92,139.84,140.36,136.3083,517700
2022-04-21,142.07,143.05,137.07,137.51,133.5406,423800
2022-04-22,137.46,138.0,133.66,133.85,129.9862,732100
2022-04-25,133.18,135.68,132.62,135.6,131.6858,797000
2022-04-26,134.73,134.73,130.35,130.49,126.7232,1116300
2022-04-27,130.45,132.74,129.56,130.36,126.597,2493000
2022-04-28,132.39,135.67,130.64,134.95,131.0546,959000
2022-04-29,133.1,134.52,128.6,128.94,125.218,1200400
2022-05-02,128.7,131.07,127.38,131.06,127.2768,1521300
2022-05-03,130.92,132.06,130.0,131.24,127.4516,1757800
2022-05-04,131.35,135.83,129.13,135.64,131.7246,1487600
2022-05-05,133.69,133.75,127.38,128.99,125.2666,1386500
2022-05-06,128.01,129.54,125.51,127.27,123.5962,1470400
2022-05-09,124.81,125.84,121.65,122.38,118.8474,1415500
2022-05-10,125.27,125.68,121.99,123.81,120.2361,3152100
2022-05-11,122.76,125.04,119.69,120.11,116.6429,2259800
2022-05-12,118.26,121.62,117.23,119.83,116.371,1553100
2022-05-13,121.62,124.59,120.99,124.09,120.508,785600
2022-05-16,123.48,124.31,122.22,122.86,119.3135,796200
2022-05-17,125.22,126.08,123.64,125.99,122.3531,721100
2022-05-18,124.06,124.26,119.23,119.88,116.4195,914500
2022-05-19,118.99,121.07,118.3,119.1,115.662,768800
2022-05-20,120.56,120.84,115.28,118.78,115.3513,1309900
2022-05-23,119.22,120.86,118.2,120.69,117.2061,969500
2022-05-24,118.485,118.73,116.11,118.17,114.7589,1018900
2022-05-25,117.59,120.66,117.45,119.81,116.3515,788500
2022-05-26,119.46,123.769,119.42,123.14,119.5854,818800
2022-05-27,124.44,127.19,124.41,127.19,123.5185,512000
2022-05-31,127.1,128.03,125.19,126.94,123.2757,672300
2022-06-01,127.71,128.588,124.96,125.87,122.2366,567400
2022-06-02,125.42,129.36,124.82,129.36,125.6259,619500
2022-06-03,127.13,127.66,125.44,125.91,122.2755,370700
2022-06-06,127.83,128.47,125.74,126.5,122.8484,425400
2022-06-07,124.902,127.74,124.55,127.47,123.7904,376100
2022-06-08,127.11,128.15,126.2,126.54,122.8873,317800
2022-06-09,125.85,127.12,123.1,123.21,119.6534,547200
2022-06-10,120.81,121.24,118.63,118.81,115.3804,1178900
2022-06-13,115.07,116.04,112.92,113.42,110.146,1623800
2022-06-14,114.23,114.59,112.43,113.59,110.3111,666900
2022-06-15,114.93,117.95,113.77,116.4,113.04,1016300
2022-06-16,113.35,113.49,110.78,111.72,108.4951,1147800
2022-06-17,111.94,113.99,111.26,113.0,109.7381,905400
2022-06-21,114.66,116.59,114.63,115.62,112.4866,584000
2022-06-22,114.46,117.296,114.33,115.48,112.3504,650600
2022-06-23,116.51,117.515,115.35,117.17,113.9946,706300
2022-06-24,118.43,121.41,118.31,121.41,118.1196,699900
2022-06-27,121.78,121.95,119.83,120.3,117.0397,462500
2022-06-28,120.55,121.58,116.55,116.67,113.5081,458900
2022-06-29,116.59,117.33,115.52,116.78,113.6151,642500
2022-06-30,115.55,116.72,113.47,115.2,112.0779,755700
2022-07-01,114.69,116.14,113.96,116.06,112.9146,821900
2022-07-05,114.51,118.09,113.86,118.01,114.8118,1149200
2022-07-06,118.22,119.67,117.5,118.76,115.5415,798200
2022-07-07,119.15,121.64,119.15,121.33,118.0418,721300
2022-07-08,120.14,122.07,119.776,121.46,118.1683,510800
2022-07-11,120.46,120.55,118.56,118.87,115.6485,466500
2022-07-12,119.38,120.17,117.08,117.75,114.5588,749400
2022-07-13,115.44,118.42,115.24,117.56,114.374,808800
2022-07-14,116.41,118.26,115.13,117.96,114.7631,583200
2022-07-15,119.22,120.09,118.55,120.01,116.7576,412800
2022-07-18,121.2,121.782,118.62,119.04,115.8139,624100
2022-07-19,120.62,122.82,119.9,122.64,119.3163,482800
2022-07-20,122.89,125.14,122.6,124.66,121.2816,1023500
2022-07-21,124.85,126.45,123.82,126.45,123.0231,712200
2022-07-22,126.06,126.91,123.47,124.27,120.9021,711100
2022-07-25,124.22,124.37,122.7,123.58,120.2309,523600
2022-07-26,122.8,122.87,120.77,121.14,117.857,502200
2022-07-27,123.08,126.91,122.82,126.25,122.8285,686200
2022-07-28,126.13,127.668,124.585,127.47,124.0154,924100
2022-07-29,128.07,130.11,127.51,129.79,126.2725,785400
2022-08-01,129.06,131.14,128.586,129.73,126.2141,533900
2022-08-02,128.73,131.03,128.33,129.29,125.7861,2538700
2022-08-03,130.12,133.16,130.0,132.73,129.1329,835700
2022-08-04,132.87,133.56,131.99,133.5,129.882,726200
2022-08-05,131.31,133.19,130.99,132.4,128.8118,736400
2022-08-08,132.57,134.28,131.34,131.95,128.374,875700
2022-08-09,131.09,131.23,129.8,130.45,126.9146,382600
2022-08-10,133.52,134.2,132.51,134.03,130.3976,1373500
2022-08-11,135.06,135.9,133.05,133.38,129.7652,593600
2022-08-12,134.27,136.0,133.78,135.96,132.2753,447800
2022-08-15,135.58,137.22,135.57,137.02,133.3066,412800
2022-08-16,136.73,137.55,135.45,136.78,133.0732,534600
2022-08-17,135.39,136.34,134.3,135.16,131.497,534900
2022-08-18,135.1,135.94,134.46,135.47,131.7986,447800
2022-08-19,134.13,134.42,132.51,132.82,129.2204,1012500
2022-08-22,131.02,131.11,128.99,129.38,125.8736,535100
2022-08-23,129.19,130.41,128.94,129.25,125.7472,2853800
2022-08-24,129.01,130.34,128.78,129.55,126.0391,624500
2022-08-25,130.34,131.9,129.902,131.9,128.3254,346400
2022-08-26,131.77,132.24,126.46,126.53,123.1009,1013000
2022-08-29,125.32,126.35,124.84,125.23,121.8361,772900
2022-08-30,125.95,126.13,122.81,123.85,120.4935,675100
2022-08-31,125.05,125.38,123.1,123.22,119.8806,617100
2022-09-01,122.03,123.33,120.55,123.17,119.832,947000
2022-09-02,124.41,124.95,120.764,121.51,118.2169,674800
2022-09-06,121.63,121.99,119.675,120.61,117.3413,1010000
2022-09-07,120.74,123.38,120.66,123.01,119.6763,594900
2022-09-08,122.03,124.14,121.55,123.62,120.2698,1014200
2022-09-09,124.59,126.53,124.59,126.25,122.8285,670800
2022-09-12,126.95,127.96,126.8,127.81,124.3462,422900
2022-09-13,124.17,124.66,120.466,120.84,117.5651,811300
2022-09-14,121.34,122.15,120.59,121.82,118.5185,1162000
2022-09-15,120.92,121.99,119.11,119.75,116.5046,758000
2022-09-16,118.33,119.19,117.52,118.93,115.7068,711600
2022-09-19,117.7,119.74,117.67,119.73,116.7256,566400
2022-09-20,118.66,119.71,117.8,118.76,115.78,377000
2022-09-21,119.19,120.88,116.58,116.63,113.7034,1427900
2022-09-22,115.98,116.39,114.68,115.2,112.3093,869500
2022-09-23,114.18,114.23,111.89,113.4,110.5545,1629900
2022-09-26,113.12,114.93,112.54,112.72,109.8915,842500
2022-09-27,114.29,115.23,111.98,112.92,110.0865,947300
2022-09-28,112.87,115.67,112.28,115.21,112.3191,1202800
2022-09-29,113.45,113.61,110.58,111.94,109.1311,1324000
2022-09-30,111.44,113.18,109.86,109.95,107.191,1200100
2022-10-03,110.77,113.17,110.07,112.53,109.7063,1097500
2022-10-04,114.77,116.328,114.77,116.09,113.177,1051200
2022-10-05,114.44,116.73,113.33,115.96,113.0502,798500
2022-10-06,115.56,116.87,114.95,115.12,112.2313,844900
2022-10-07,113.09,113.14,110.16,110.67,107.893,1635900
2022-10-10,110.78,110.86,108.46,109.54,106.7913,987600
2022-10-11,108.89,110.06,107.38,108.16,105.446,1381800
2022-10-12,108.43,109.12,107.78,108.11,105.3972,824400
2022-10-13,104.96,111.12,104.62,110.56,107.7857,1791100
2022-10-14,111.56,111.76,107.01,107.28,104.588,1020400
2022-10-17,109.72,111.13,109.71,110.74,107.9612,862500
2022-10-18,113.74,114.0,110.55,111.72,108.9166,973100
2022-10-19,111.03,112.55,110.27,111.3,108.5072,1168700
2022-10-20,110.89,113.04,110.22,110.67,107.893,967700
2022-10-21,110.22,113.5,109.82,113.33,110.4862,846700
2022-10-24,113.47,114.92,111.89,114.57,111.6951,1743000
2022-10-25,114.97,117.05,114.97,116.88,113.9471,689900
2022-10-26,114.52,116.77,114.13,114.3,111.4319,1193200
2022-10-27,113.86,114.43,112.03,112.21,109.3943,843200
2022-10-28,111.93,115.86,111.92,115.68,112.7773,899900
2022-10-31,114.74,114.98,113.55,114.35,111.4806,606000
2022-11-01,115.87,116.02,113.016,113.17,110.3302,927800
2022-11-02,113.15,114.41,109.262,109.34,106.5963,1434400
2022-11-03,108.1,108.75,107.0,107.21,104.5198,1192500
2022-11-04,109.29,109.65,106.57,108.84,106.1089,1465700
2022-11-07,109.33,110.27,108.43,110.06,107.2983,562800
2022-11-08,110.74,112.22,109.225,110.88,108.0977,1162700
2022-11-09,110.07,110.45,108.2,108.34,105.6214,674800
2022-11-10,113.51,116.42,112.67,116.24,113.3232,3049100
2022-11-11,116.28,118.72,115.69,118.46,115.4875,978800
2022-11-14,117.59,118.95,117.02,117.42,114.4736,1386400
2022-11-15,120.3,120.62,117.66,119.05,116.0627,1269000
2022-11-16,118.15,118.3,117.09,117.4,114.4541,618900
2022-11-17,115.55,117.75,115.48,117.17,114.2299,874900
2022-11-18,118.44,118.46,116.15,117.29,114.3469,731800
2022-11-21,116.58,117.04,115.608,115.98,113.0697,455400
2022-11-22,116.27,117.68,115.37,117.59,114.6393,697100
2022-11-23,117.64,119.04,117.56,118.9,115.9165,834400
2022-11-25,118.14,118.4,117.85,118.04,115.0781,476400
2022-11-28,117.2,118.03,115.91,116.28,113.3622,530900
2022-11-29,116.35,116.51,114.83,115.46,112.5628,467000
2022-11-30,115.54,120.74,115.21,120.74,117.7103,1158200
2022-12-01,120.82,121.68,119.64,120.86,117.8273,1104000
2022-12-02,118.76,120.68,118.65,120.35,117.3301,767000
2022-12-05,119.42,119.99,117.78,118.39,115.4193,474400
2022-12-06,118.26,118.31,115.29,116.03,113.1185,718200
2022-12-07,115.31,116.23,114.71,115.39,112.4945,800900
2022-12-08,115.98,117.16,115.13,116.74,113.8107,716600
2022-12-09,116.37,117.485,115.87,116.07,113.1575,1071300
2022-12-12,116.09,117.48,115.69,117.47,114.5224,518100
2022-12-13,122.06,122.1,117.62,118.78,115.7995,1648100
2022-12-14,118.53,119.88,116.54,117.77,114.8148,1154600
2022-12-15,116.15,116.391,113.4,114.0,111.1394,1570500
2022-12-16,113.61,114.21,112.16,112.86,110.028,2342100
2022-12-19,112.66,112.66,110.45,111.01,108.484,815200
2022-12-20,110.46,111.58,109.82,110.89,108.3667,733100
2022-12-21,111.31,113.02,110.97,112.5,109.9401,864500
2022-12-22,111.21,111.21,107.97,109.79,107.2917,2351700
2022-12-23,109.2,110.21,108.42,110.03,107.5263,854700
2022-12-27,109.76,109.76,108.23,108.39,105.9236,1028700
2022-12-28,108.25,109.13,106.88,107.0,104.5652,854200
2022-12-29,108.2,109.98,107.88,109.65,107.1549,776100
2022-12-30,108.45,109.58,107.9,109.53,107.0377,766800
2023-01-03,110.5,111.11,107.85,108.75,106.2754,1514100
2023-01-04,109.68,110.01,108.0,109.31,106.8226,750000
2023-01-05,108.57,108.66,107.48,107.7,105.2493,848900
2023-01-06,108.36,111.01,107.14,110.54,108.0247,1068700
2023-01-09,111.49,113.24,111.045,111.34,108.8065,1815400
2023-01-10,110.9,112.28,110.7,112.27,109.7153,463800
2023-01-11,112.8,114.24,112.36,114.24,111.6405,536700
2023-01-12,114.55,115.2,112.66,114.81,112.1975,909900
2023-01-13,113.76,115.675,113.7,115.6,112.9695,608100
2023-01-17,115.55,116.34,115.057,115.84,113.2041,844200
2023-01-18,116.56,117.11,114.23,114.32,111.7187,491100
2023-01-19,113.57,114.09,112.69,113.2,110.6241,547400
2023-01-20,113.86,116.43,113.44,116.31,113.6634,547600
2023-01-23,116.65,119.389,116.35,118.86,116.1553,731700
2023-01-24,118.23,119.07,118.0,118.64,115.9404,706100
2023-01-25,116.7,118.62,115.67,118.39,115.6961,604700
2023-01-26,119.825,120.75,118.71,120.69,117.9437,749100
2023-01-27,120.15,122.7,120.08,121.87,119.0969,1474800
2023-01-30,120.48,121.07,119.28,119.39,116.6733,555000
2023-01-31,119.5,121.24,119.44,121.22,118.4616,961800
2023-02-01,121.12,124.82,120.26,123.82,121.0025,1414400
2023-02-02,126.56,129.05,126.22,128.2,125.2828,1880000
2023-02-03,125.36,128.51,125.31,125.99,123.1231,1305300
2023-02-06,124.87,125.84,124.38,124.87,122.0286,978300
2023-02-07,124.84,127.949,124.42,127.49,124.589,4281500
2023-02-08,126.93,127.28,124.95,125.22,122.3706,1015100
2023-02-09,127.14,127.14,123.5,124.13,121.3054,955800
2023-02-10,123.19,124.01,122.31,123.32,120.5139,597500
2023-02-13,123.87,125.51,123.39,125.31,122.4586,893600
2023-02-14,124.65,126.59,123.9,126.21,123.3381,603000
2023-02-15,125.45,127.23,125.22,127.18,124.286,436200
2023-02-16,125.23,126.86,124.72,124.79,121.9504,585700
2023-02-17,123.83,124.19,122.65,123.9,121.0807,1586400
2023-02-21,122.26,122.86,120.9,121.01,118.2564,893600
2023-02-22,121.22,121.9,120.4,121.02,118.2662,1764900
2023-02-23,122.58,122.64,120.36,122.08,119.3021,776600
2023-02-24,119.98,120.49,119.33,120.05,117.3183,1010200
2023-02-27,121.41,121.96,120.69,120.93,118.1783,661400
2023-02-28,120.67,121.8,120.57,120.79,118.0414,701800
2023-03-01,120.62,120.906,119.4,119.78,117.0544,612200
2023-03-02,118.74,121.125,118.65,120.87,118.1196,622200
2023-03-03,121.54,123.38,121.32,123.3,120.4943,697500
2023-03-06,123.87,125.059,123.36,123.45,120.6409,1120500
2023-03-07,123.46,123.805,121.609,121.93,119.1555,3501300
2023-03-08,122.11,122.75,121.35,122.53,119.7418,522300
2023-03-09,122.72,123.8,120.07,120.37,117.631,770600
2023-03-10,120.45,121.068,118.26,118.74,116.0381,1956400
2023-03-13,117.91,121.11,117.35,119.55,116.8297,2473000
2023-03-14,121.12,122.55,120.75,122.27,119.4878,1065000
2023-03-15,121.21,123.11,120.67,122.94,120.1425,1379200
2023-03-16,122.59,126.37,122.28,126.2,123.3283,1123700
2023-03-17,126.13,127.2,124.82,125.63,122.7713,2094700
2023-03-20,125.12,125.94,124.22,125.78,123.1669,910200
2023-03-21,126.64,127.81,126.01,127.61,124.9589,3538800
2023-03-22,127.63,129.63,125.83,125.85,123.2355,2601000
2023-03-23,127.47,129.2,126.28,127.41,124.763,1727900
2023-03-24,127.2,127.88,126.25,127.86,125.2037,1053600
2023-03-27,128.16,128.56,126.64,127.0,124.3616,1163600
2023-03-28,126.71,126.74,125.34,126.32,123.6957,647600
2023-03-29,127.86,128.86,127.52,128.64,125.9675,632300
2023-03-30,129.63,130.07,129.11,129.84,127.1426,1087900
2023-03-31,129.93,132.07,129.81,132.01,129.2675,602700
2023-04-03,131.06,131.77,130.54,131.66,128.9247,1073200
2023-04-04,131.88,132.22,130.71,131.23,128.5037,966700
2023-04-05,130.79,130.9,129.17,129.88,127.1817,970300
2023-04-06,129.25,131.0,128.682,130.81,128.0924,634400
2023-04-10,129.56,130.74,128.87,130.72,128.0043,950100
2023-04-11,130.71,130.71,129.68,129.87,127.1719,568100
2023-04-12,130.73,130.95,128.545,128.71,126.0361,1110800
2023-04-13,129.48,131.43,129.43,131.3,128.5722,522000
2023-04-14,130.62,131.71,129.83,131.04,128.3176,541900
2023-04-17,130.85,131.278,130.01,131.14,128.4155,402900
2023-04-18,132.02,132.19,130.651,131.11,128.3862,783100
2023-04-19,130.14,131.51,130.11,131.11,128.3862,583700
2023-04-20,129.84,131.3,129.54,130.07,127.3678,712900
2023-04-21,129.93,130.52,129.19,130.19,127.4853,529300
2023-04-24,130.12,130.67,129.04,129.95,127.2503,683900
2023-04-25,129.31,129.51,127.47,127.48,124.8316,797300
2023-04-26,128.84,129.51,128.05,128.23,125.566,746700
2023-04-27,129.84,131.951,129.6,131.74,129.0031,787400
2023-04-28,131.65,132.68,131.24,132.68,129.9235,927700
2023-05-01,132.46,133.025,132.06,132.48,129.7277,561000
2023-05-02,132.5,132.58,130.63,131.31,128.582,986000
2023-05-03,131.51,132.59,130.45,130.5,127.7888,920600
2023-05-04,130.39,130.83,129.6,130.1,127.3971,629300
2023-05-05,130.89,133.15,130.84,132.83,130.0704,735000
2023-05-08,132.65,133.265,132.17,133.18,130.4132,1496500
2023-05-09,132.46,132.77,132.15,132.32,129.571,959600
2023-05-10,133.32,134.08,132.29,133.72,130.942,696800
2023-05-11,133.98,134.38,133.31,134.18,131.3924,753600
2023-05-12,134.42,134.569,132.84,133.65,130.8734,591100
2023-05-15,133.87,134.5,133.25,134.43,131.6372,553600
2023-05-16,134.16,135.28,134.13,134.56,131.7645,590900
2023-05-17,135.01,136.421,134.55,136.15,133.3214,837000
2023-05-18,136.38,138.8,136.331,138.71,135.8283,1059600
2023-05-19,138.82,139.1,137.97,138.38,135.5052,1003500
2023-05-22,138.36,139.27,138.31,138.94,136.0535,756600
2023-05-23,138.19,138.62,136.98,137.1,134.2517,1737000
2023-05-24,136.29,136.92,135.56,136.43,133.5956,2195900
2023-05-25,139.52,140.23,138.5,139.72,136.8173,1230700
2023-05-26,140.19,143.65,140.14,143.31,140.3327,1269200
2023-05-30,145.15,145.56,143.38,143.93,140.9398,1282400
2023-05-31,143.31,144.07,142.54,143.09,140.1173,1494100
2023-06-01,143.06,145.31,142.6,144.79,141.782,699300
2023-06-02,145.51,146.36,144.815,145.91,142.8787,1266900
2023-06-05,145.84,147.05,145.58,145.96,142.9277,8216900
2023-06-06,145.72,146.36,145.21,145.96,142.9277,933800
2023-06-07,146.14,146.887,143.224,143.49,140.509,1048400
2023-06-08,143.62,145.459,143.56,145.18,142.1638,559300
2023-06-09,145.93,147.09,145.264,145.78,142.7514,839100
2023-06-12,146.53,148.3,146.131,148.27,145.1897,696000
2023-06-13,149.46,149.75,148.13,149.45,146.3451,1007700
2023-06-14,149.47,150.621,148.28,150.53,147.4027,1288100
2023-06-15,150.0,152.93,149.76,152.29,149.1261,949800
2023-06-16,153.33,153.36,151.19,151.32,148.1763,1002400
2023-06-20,150.55,151.46,149.718,150.95,148.0263,1093000
2023-06-21,150.45,150.59,148.49,148.96,146.0748,973600
2023-06-22,148.38,150.68,148.22,150.64,147.7223,763500
2023-06-23,148.99,150.09,148.459,149.12,146.2317,633000
2023-06-26,148.96,150.08,147.1,147.2,144.3489,2466400
2023-06-27,147.79,149.97,147.48,149.69,146.7907,2390100
2023-06-28,148.93,150.75,148.9,149.99,147.0849,740000
2023-06-29,149.84,150.07,148.975,149.68,146.7809,778700
2023-06-30,151.2,152.35,151.06,151.98,149.0363,908400
2023-07-03,152.22,152.574,151.795,152.36,149.409,428900
2023-07-05,151.68,153.04,151.65,152.31,149.3599,893500
2023-07-06,150.78,151.33,149.942,151.14,148.2126,1248200
2023-07-07,151.09,152.38,150.58,150.71,147.7909,888900
2023-07-10,150.53,150.955,149.51,150.74,147.8204,885800
2023-07-11,150.9,151.63,150.0,151.43,148.497,898800
2023-07-12,153.22,153.92,152.35,153.36,150.3896,1346000
2023-07-13,154.72,156.305,154.475,155.94,152.9196,981600
2023-07-14,156.2,157.48,155.6,155.97,152.9491,1169800
2023-07-17,156.26,157.75,156.051,157.34,154.2925,682400
2023-07-18,157.15,159.23,156.36,158.7,155.6262,1215900
2023-07-19,159.14,159.57,158.1,158.53,155.4594,1192300
2023-07-20,157.4,157.984,154.58,154.99,151.9881,974100
2023-07-21,155.99,156.26,154.378,154.54,151.5467,915900
2023-07-24,154.88,155.32,154.0,154.79,151.7919,742500
2023-07-25,155.11,156.515,155.09,155.88,152.8608,647700
2023-07-26,155.4,156.01,154.39,155.29,152.2822,964600
2023-07-27,157.59,158.25,154.407,154.93,151.9292,1110500
2023-07-28,156.66,158.18,156.47,157.73,154.6749,1118600
2023-07-31,157.92,158.31,157.32,157.93,154.8711,945200
2023-08-01,157.28,157.78,156.64,157.49,154.4396,795400
2023-08-02,156.04,156.04,153.51,154.03,151.0466,1291100
2023-08-03,153.03,154.65,152.96,153.74,150.7622,1029500
2023-08-04,154.58,155.535,152.87,153.06,150.0954,1220900
2023-08-07,153.82,154.39,152.851,154.32,151.331,1567200
2023-08-08,153.32,153.32,151.73,153.01,150.0464,1266300
2023-08-09,153.13,153.16,151.05,151.31,148.3793,1736100
2023-08-10,152.6,153.99,150.991,151.66,148.7225,1097000
2023-08-11,150.54,151.37,150.03,150.67,147.7517,838700
2023-08-14,150.38,152.4,150.095,152.4,149.4482,764500
2023-08-15,151.96,152.24,150.47,150.78,147.8596,977900
2023-08-16,150.54,151.09,149.11,149.13,146.2415,1037400
2023-08-17,149.74,149.85,147.342,147.51,144.6529,1460300
2023-08-18,146.1,147.84,145.91,147.31,144.4568,1022400
2023-08-21,147.93,150.0,147.77,149.75,146.8495,2346900
2023-08-22,150.8,150.8,149.23,149.5,146.6044,915900
2023-08-23,149.97,152.299,149.9,151.9,148.9579,732400
2023-08-24,153.32,153.35,148.54,148.58,145.7022,1353700
2023-08-25,148.96,150.44,147.54,149.81,146.9084,1326100
2023-08-28,151.03,151.256,149.87,150.95,148.0263,780900
2023-08-29,150.79,154.329,150.7,154.15,151.1643,811700
2023-08-30,154.25,155.29,153.83,155.08,152.0762,1261700
2023-08-31,155.06,156.21,155.06,155.43,152.4195,725100
2023-09-01,156.51,156.67,154.73,155.37,152.3607,1110400
2023-09-05,155.0,156.049,154.65,155.55,152.5372,706400
2023-09-06,155.21,155.34,153.34,154.23,151.2428,921000
2023-09-07,152.31,153.39,151.88,153.06,150.0954,1088700
2023-09-08,153.05,154.22,152.89,153.28,150.3111,1028100
2023-09-11,154.56,155.308,153.75,155.11,152.1057,1247900
2023-09-12,154.4,154.96,153.25,153.39,150.419,1079200
2023-09-13,153.46,154.611,153.0,153.99,151.0074,825300
2023-09-14,154.69,155.61,153.84,155.23,152.2234,698300
2023-09-15,154.67,154.78,152.19,152.5,149.5462,1116500
2023-09-18,151.92,152.93,151.812,152.49,149.7771,782800
2023-09-19,151.91,152.45,150.9,152.18,149.4726,802800
2023-09-20,152.6,152.73,149.95,149.99,147.3215,1389400
2023-09-21,148.43,148.701,147.15,147.16,144.5419,1207500
2023-09-22,147.98,148.82,147.115,147.25,144.6303,1202900
2023-09-25,146.82,147.95,146.424,147.95,145.3178,844700
2023-09-26,146.93,147.059,145.3,145.69,143.0981,1384000
2023-09-27,146.18,146.835,144.53,146.06,143.4615,1495700
2023-09-28,145.66,148.13,145.33,147.23,144.6107,1620200
2023-09-29,148.72,149.29,146.88,147.41,144.7874,1517600
2023-10-02,147.48,149.17,147.25,148.65,146.0054,2144600
2023-10-03,147.59,148.45,145.33,145.99,143.3927,1379100
2023-10-04,146.42,148.34,146.19,148.01,145.3768,969600
2023-10-05,147.99,148.11,146.1,147.53,144.9053,899900
2023-10-06,146.33,150.51,145.98,149.99,147.3215,1372500
2023-10-09,148.99,151.02,148.46,150.79,148.1073,746900
2023-10-10,150.95,152.74,150.74,151.61,148.9127,1103900
2023-10-11,152.18,152.79,151.48,152.71,149.9932,1025500
2023-10-12,152.96,153.67,151.2,152.16,149.4529,1983200
2023-10-13,152.45,152.63,149.7,150.27,147.5966,1044100
2023-10-16,150.81,152.391,150.75,152.01,149.3056,687500
2023-10-17,150.47,152.16,149.63,151.5,148.8047,932900
2023-10-18,150.42,151.35,148.933,149.49,146.8305,1282400
2023-10-19,150.06,150.558,147.76,148.07,145.4357,1339600
2023-10-20,147.9,148.09,145.79,145.89,143.2945,1546500
2023-10-23,145.29,147.78,144.47,146.32,143.7168,1505900
2023-10-24,147.08,148.05,146.39,147.73,145.1018,1009200
2023-10-25,146.73,146.78,143.89,144.13,141.5658,1450300
2023-10-26,143.63,143.98,140.84,141.26,138.7469,2115500
2023-10-27,142.53,143.49,141.56,142.09,139.5621,1791100
2023-10-30,143.09,144.173,142.55,143.67,141.114,1078500
2023-10-31,143.66,144.49,142.62,144.33,141.7623,6855600
2023-11-01,144.69,147.09,144.66,146.93,144.316,1408700
2023-11-02,148.73,149.63,148.25,149.51,146.8501,2679400
2023-11-03,150.06,151.81,149.96,151.3,148.6083,1677900
2023-11-06,151.61,152.12,150.95,151.87,149.1681,1671700
2023-11-07,152.33,153.69,151.85,153.33,150.6021,1201400
2023-11-08,153.49,153.77,152.48,153.45,150.72,1130200
2023-11-09,153.72,154.19,152.05,152.29,149.5806,2382600
2023-11-10,152.97,155.72,152.79,155.64,152.871,2247800
2023-11-13,155.05,155.61,154.41,155.22,152.4585,1368000
2023-11-14,157.87,158.914,157.65,158.53,155.7096,1487200
2023-11-15,159.35,159.51,158.09,158.66,155.8373,1096900
2023-11-16,158.32,158.87,157.8,158.8,155.9748,1447800
2023-11-17,158.49,159.24,158.11,158.84,156.0141,898700
2023-11-20,158.82,161.04,158.82,160.76,157.8999,5628300
2023-11-21,160.06,160.11,159.12,159.83,156.9865,1297000
2023-11-22,160.71,161.71,160.1,160.49,157.6347,1596500
2023-11-24,160.35,160.54,159.84,160.26,157.4088,504700
2023-11-27,160.05,160.917,159.755,160.1,157.2517,1168200
2023-11-28,159.81,160.765,159.66,160.52,157.6642,1251600
2023-11-29,161.55,162.15,160.24,160.4,157.5464,841800
2023-11-30,160.47,160.63,158.75,159.95,157.1044,1216600
2023-12-01,159.52,160.68,158.85,160.43,157.5758,1212000
2023-12-04,158.87,159.05,157.44,158.93,156.1025,2054700
2023-12-05,158.13,159.83,158.1,159.35,156.515,3481000
2023-12-06,160.57,160.61,158.28,158.4,155.5819,1878500
2023-12-07,159.66,160.98,159.22,160.69,157.8312,1269300
2023-12-08,159.92,161.546,159.9,161.37,158.4991,1461600
2023-12-11,161.23,162.85,161.13,162.75,159.8545,897700
2023-12-12,162.77,164.08,162.298,164.08,161.1609,773100
2023-12-13,164.42,166.38,164.12,166.12,163.1646,2177000
2023-12-14,166.66,167.17,164.73,165.97,163.0173,1779300
2023-12-15,166.35,167.27,166.07,166.63,163.6655,1465400
2023-12-18,166.58,167.82,166.45,167.48,164.8774,1690100
2023-12-19,167.68,168.36,167.58,168.29,165.6748,1065000
2023-12-20,168.0,168.84,165.755,165.81,163.2333,1346100
2023-12-21,167.44,167.89,166.41,167.75,165.1432,1171600
2023-12-22,168.27,168.64,167.22,168.02,165.409,1329800
2023-12-26,168.36,169.305,168.312,169.03,166.4033,794500
2023-12-27,169.18,169.48,168.79,169.35,166.7183,1616300
2023-12-28,169.84,169.94,169.15,169.28,166.6494,1279800
2023-12-29,169.3,169.43,167.79,168.54,165.9209,1147900
2024-01-02,167.03,167.14,164.75,165.7,163.125,2061700
2024-01-03,164.62,165.039,163.78,163.92,161.3727,1871000
2024-01-04,163.18,164.46,163.03,163.11,160.5753,1375700
2024-01-05,163.18,164.431,162.74,163.32,160.782,1114000
2024-01-08,163.83,166.805,163.78,166.7,164.1095,1894200
2024-01-09,165.42,167.39,165.37,167.02,164.4245,1583700
2024-01-10,167.15,168.56,166.8,168.16,165.5468,1122200
2024-01-11,168.7,169.22,166.41,168.54,165.9209,4047600
2024-01-12,168.92,169.27,168.01,168.6,165.98,1289100
2024-01-16,168.07,169.21,167.5,168.57,165.9505,1202700
2024-01-17,167.2,167.77,165.86,167.62,165.0152,3775400
2024-01-18,169.08,170.24,168.46,170.09,167.4468,1867700
2024-01-19,170.93,173.43,170.679,173.39,170.6956,1876100
2024-01-22,174.28,174.81,173.35,173.6,170.9023,2086400
2024-01-23,173.88,174.39,173.155,174.37,171.6603,1043200
2024-01-24,175.93,176.94,175.09,175.29,172.566,2255800
2024-01-25,176.34,176.602,174.56,175.49,172.7629,1431500
2024-01-26,174.69,175.43,174.2,174.47,171.7587,1054900
2024-01-29,174.65,176.31,174.38,176.25,173.5111,1117000
2024-01-30,175.84,176.015,174.7,175.05,172.3297,1683300
2024-01-31,173.24,174.065,171.58,171.61,168.9432,2298800
2024-02-01,172.38,173.86,172.0,173.72,171.0204,2048200
2024-02-02,174.47,177.11,174.1,176.67,173.9246,2009700
2024-02-05,176.61,176.84,174.96,176.38,173.6391,1663700
2024-02-06,176.82,177.09,175.04,176.04,173.3044,1471100
2024-02-07,177.16,178.165,176.665,177.82,175.0567,1445600
2024-02-08,177.94,178.47,177.595,178.17,175.4012,817800
2024-02-09,178.62,180.22,178.31,179.9,177.1044,1763300
2024-02-12,179.87,180.77,178.93,179.2,176.4152,1826200
2024-02-13,175.89,177.519,175.092,176.4,173.6588,1726200
2024-02-14,177.56,178.51,176.56,178.35,175.5785,992700
2024-02-15,178.65,179.067,177.59,178.88,176.1002,1339500
2024-02-16,179.04,179.05,176.97,177.25,174.4956,2130900
2024-02-20,176.45,177.02,174.34,175.91,173.1764,5382800
2024-02-21,174.77,175.23,173.57,175.18,172.4577,2359800
2024-02-22,178.87,180.78,178.55,180.36,177.5573,2738200
2024-02-23,181.0,181.38,179.43,179.81,177.0157,1355400
2024-02-26,180.16,180.561,179.65,179.74,176.9468,1129900
2024-02-27,180.18,180.3,179.11,180.16,177.3603,1076000
2024-02-28,179.26,179.76,178.8,179.19,176.4054,1594600
2024-02-29,180.4,181.17,179.1,180.69,177.8821,1230900
2024-03-01,181.09,183.84,181.09,183.48,180.6287,1554300
2024-03-04,183.47,183.63,182.71,182.76,179.92,1453700
2024-03-05,181.45,181.48,178.54,179.51,176.7204,2065000
2024-03-06,181.34,181.95,179.86,180.67,177.8624,1524700
2024-03-07,182.15,183.89,181.504,183.39,180.5401,1841600
2024-03-08,183.51,184.655,180.48,180.74,177.9313,2679600
2024-03-11,180.05,180.56,179.27,180.08,177.2816,2221200
2024-03-12,181.05,182.81,179.73,182.63,179.7919,4639500
2024-03-13,182.24,182.24,180.8,181.24,178.4236,1674200
2024-03-14,181.78,181.97,179.66,180.81,178.0002,1672700
2024-03-15,179.5,179.8,178.16,178.64,175.8639,2464100
2024-03-18,180.49,181.44,179.91,179.99,177.5358,3187200
2024-03-19,179.18,180.6,178.3,180.43,177.9698,1451200
2024-03-20,180.945,182.73,180.25,182.59,180.1004,1301800
2024-03-21,184.68,184.879,183.35,183.42,180.9191,1914700
2024-03-22,183.25,184.11,182.9,183.59,181.0868,1142800
2024-03-25,182.42,183.61,182.1,183.0,180.5048,1089800
2024-03-26,183.61,184.006,182.32,182.4,179.913,1432300
2024-03-27,183.69,183.74,181.84,183.07,180.5739,2540700
2024-03-28,183.04,183.36,182.55,182.69,180.199,1343700
2024-04-01,183.08,184.13,182.29,183.11,180.6133,1510000
2024-04-02,181.08,181.62,180.24,181.5,179.0252,1803400
2024-04-03,180.66,182.67,180.62,181.91,179.4297,1773500
2024-04-04,183.67,183.89,179.02,179.12,176.6777,2354100
2024-04-05,179.75,182.32,179.42,181.24,178.7688,2193700
2024-04-08,181.65,182.08,180.73,181.31,178.8379,1171400
2024-04-09,182.27,182.38,180.0,181.95,179.4691,1335800
2024-04-10,179.77,180.73,179.52,180.38,177.9205,1667500
2024-04-11,181.14,183.64,180.21,183.29,180.7908,986500
2024-04-12,181.48,181.95,179.76,180.33,177.8712,2174600
2024-04-15,181.89,181.893,177.02,177.36,174.9417,3120100
2024-04-16,177.28,178.47,176.83,177.37,174.9516,2670400
2024-04-17,178.23,178.23,174.84,175.23,172.8407,1996300
2024-04-18,175.49,176.14,173.98,174.26,171.8839,1978500
2024-04-19,173.73,173.93,169.96,170.63,168.3035,2820600
2024-04-22,171.72,173.3,170.35,172.35,170.0,1469300
2024-04-23,173.16,175.4,172.98,174.9,172.5152,2176200
2024-04-24,176.22,176.805,174.58,175.49,173.0972,1234900
2024-04-25,172.5,175.01,172.06,174.65,172.2686,1234800
2024-04-26,175.99,177.96,175.695,177.35,174.9318,1044100
2024-04-29,178.24,178.45,176.925,178.06,175.6322,1590700
2024-04-30,177.39,177.97,174.67,174.68,172.2982,1239100
2024-05-01,174.08,176.93,173.1,173.45,171.085,1449600
2024-05-02,175.02,176.03,173.08,175.65,173.255,1275100
2024-05-03,178.78,179.58,178.12,179.2,176.7566,1944800
2024-05-06,179.97,181.2,179.63,181.19,178.7195,984100
2024-05-07,181.35,181.86,180.89,181.19,178.7195,1363700
2024-05-08,180.1,181.64,180.05,181.08,178.611,818800
2024-05-09,181.16,181.7,180.47,181.48,179.0055,1437700
2024-05-10,182.11,182.81,181.28,181.9,179.4198,957700
2024-05-13,182.69,182.73,181.77,182.34,179.8538,1291300
2024-05-14,182.15,183.715,182.08,183.5,180.998,1155300
2024-05-15,184.54,186.45,183.89,186.35,183.8091,1657400
2024-05-16,186.3,187.11,185.92,185.99,183.454,1669100
2024-05-17,186.05,186.29,184.971,185.91,183.3751,1114100
2024-05-20,186.0,187.46,185.91,187.2,184.6475,1119800
2024-05-21,186.45,187.64,186.34,187.57,185.0125,1010600
2024-05-22,187.68,187.98,186.46,187.52,184.9632,1052500
2024-05-23,189.52,189.56,185.95,186.7,184.1544,6090500
2024-05-24,187.39,188.96,187.069,188.48,185.9101,1484300
2024-05-28,188.94,189.19,187.94,189.18,186.6005,1518000
2024-05-29,187.41,188.55,187.39,187.88,185.3183,1338400
2024-05-30,187.43,187.475,185.27,185.85,183.3159,1879100
2024-05-31,185.89,186.17,182.35,185.87,183.3357,1891100
2024-06-03,187.12,187.47,184.34,186.49,183.9472,1786700
2024-06-04,186.35,187.48,185.65,186.97,184.4207,2749900
2024-06-05,188.46,190.77,188.0,190.73,188.1294,1272500
2024-06-06,191.04,191.15,190.2,190.7,188.0998,2667100
2024-06-07,190.42,191.62,190.07,190.53,187.9321,1028800
2024-06-10,190.07,191.4,189.93,191.28,188.6719,957500
2024-06-11,190.74,192.64,190.155,192.6,189.9739,957700
2024-06-12,194.22,196.07,193.95,195.09,192.43,1141500
2024-06-13,196.59,196.84,195.25,196.18,193.5051,1105300
2024-06-14,196.09,197.22,195.9,197.19,194.5013,1481000
2024-06-17,197.29,200.32,196.76,199.61,196.8883,1343400
2024-06-18,199.61,199.95,198.94,199.67,196.9475,1108700
2024-06-20,200.17,200.32,197.41,198.12,195.4186,1635900
2024-06-21,198.01,198.56,197.0,197.54,194.8466,1450800
2024-06-24,196.8,197.47,194.985,195.05,192.7027,1379000
2024-06-25,195.9,197.38,195.54,197.27,194.896,899600
2024-06-26,196.92,197.9,196.85,197.7,195.3208,816200
2024-06-27,197.58,198.79,197.23,198.19,195.8049,1183200
2024-06-28,198.5,200.47,196.92,197.11,194.7379,2099400
2024-07-01,197.55,198.54,196.0,198.33,195.9432,1526800
2024-07-02,197.71,200.41,197.67,200.4,197.9883,1097400
2024-07-03,200.1,202.13,200.09,202.06,199.6283,1015300
2024-07-05,202.48,204.355,202.305,204.19,201.7327,1720100
2024-07-08,204.35,204.89,203.911,204.7,202.2365,1541200
2024-07-09,205.31,205.75,204.21,204.85,202.3847,1509000
2024-07-10,205.64,207.24,205.11,207.0,204.5089,1240300
2024-07-11,207.02,207.12,201.95,202.44,200.0037,2584400
2024-07-12,202.69,205.59,202.49,203.67,201.2189,1726200
2024-07-15,204.36,206.16,203.34,204.2,201.7425,2237200
2024-07-16,204.77,205.06,202.95,204.26,201.8018,1372800
2024-07-17,200.93,201.138,198.24,198.3,195.9136,2635600
2024-07-18,199.88,199.91,196.0,197.3,194.9256,2760500
2024-07-19,197.18,198.2,195.06,195.56,193.2065,2153500
2024-07-22,198.0,198.895,196.62,198.49,196.1013,2160200
2024-07-23,198.11,199.35,197.61,197.78,195.3998,1241600
2024-07-24,195.01,195.12,190.31,190.72,188.4248,1870300
2024-07-25,190.84,192.545,187.51,188.55,186.2809,2784700
2024-07-26,190.4,191.725,189.22,190.55,188.2568,2458100
2024-07-29,191.65,192.52,189.98,190.91,188.6125,1168000
2024-07-30,191.72,191.954,186.92,188.29,186.024,1187800
2024-07-31,192.63,194.55,191.99,193.76,191.4282,2412500
2024-08-01,194.17,195.69,187.64,189.19,186.9132,3353600
2024-08-02,185.55,186.625,182.97,184.67,182.4476,3757100
2024-08-05,174.7,182.0,174.23,179.36,177.2015,5114000
2024-08-06,179.94,183.98,178.87,180.92,178.7427,3959700
2024-08-07,183.76,184.75,178.76,178.94,176.7866,2830600
2024-08-08,181.53,184.75,179.95,184.37,182.1512,2821800
2024-08-09,183.87,186.01,183.4,185.34,183.1095,1758700
2024-08-12,185.74,186.99,184.61,185.81,183.5739,1701700
2024-08-13,187.58,190.46,187.56,190.38,188.0889,1478100
2024-08-14,190.74,191.4,188.66,190.45,188.158,1922800
2024-08-15,192.96,195.41,192.778,195.27,192.92,1464100
2024-08-16,194.58,196.03,194.138,195.5,193.1473,1367100
2024-08-19,195.54,198.07,194.85,198.07,195.6863,1382900
2024-08-20,197.7,198.743,196.951,197.64,195.2615,1511200
2024-08-21,197.97,199.32,197.26,198.6,196.2099,1031900
2024-08-22,199.52,199.81,195.01,195.43,193.078,1305200
2024-08-23,197.24,198.67,195.6,197.53,195.1528,1714400
2024-08-26,197.34,197.67,194.799,195.63,193.2757,1944500
2024-08-27,194.97,196.63,194.15,196.24,193.8784,1652200
2024-08-28,196.02,196.3,192.56,194.03,191.695,1992700
2024-08-29,194.79,196.68,193.17,193.71,191.3788,2830400
2024-08-30,195.45,196.22,193.65,196.08,193.7203,1715900
2024-09-03,194.74,194.78,189.11,190.08,187.7925,2881000
2024-09-04,188.8,191.125,188.38,189.55,187.2689,2238900
2024-09-05,188.89,191.5,188.47,189.78,187.4961,2594600
2024-09-06,189.44,189.78,184.48,184.7,182.4772,2568200
2024-09-09,186.46,187.44,185.145,187.04,184.7891,2930900
2024-09-10,187.77,188.97,186.14,188.73,186.4587,1460900
2024-09-11,189.26,193.18,185.76,192.8,190.4798,2415700
2024-09-12,192.89,195.1,192.185,194.77,192.426,1943600
2024-09-13,194.45,196.12,194.42,195.63,193.2757,2525400
2024-09-16,194.76,195.02,193.45,194.79,192.4458,1611800
2024-09-17,196.05,196.513,193.85,194.9,192.5545,1421500
2024-09-18,195.32,197.0,193.78,194.03,191.695,2356400
2024-09-19,198.66,200.12,197.774,198.94,196.5458,4061900
2024-09-20,198.57,199.08,196.87,198.59,196.2001,1810500
2024-09-23,198.77,199.22,198.22,198.8,196.7047,2300100
2024-09-24,199.38,200.14,197.66,199.74,197.6348,2372300
2024-09-25,199.58,200.71,199.41,199.98,197.8722,1948200
2024-09-26,203.03,203.16,199.96,201.44,199.3169,2454300
2024-09-27,201.91,201.91,199.93,200.32,198.2087,2105400
2024-09-30,199.92,200.99,198.765,200.85,198.7331,1716300
2024-10-01,200.77,200.83,196.49,198.06,195.9725,2527800
2024-10-02,197.7,199.129,196.62,198.36,196.2693,1313500
2024-10-03,197.45,199.405,197.16,198.2,196.111,1632500
2024-10-04,200.62,200.77,198.55,200.56,198.4462,1667700
2024-10-07,199.8,200.2,197.92,198.41,196.3188,1571400
2024-10-08,199.43,201.66,199.16,201.38,199.2575,1286600
2024-10-09,201.26,203.2,200.83,202.97,200.8307,2231200
2024-10-10,202.02,203.481,201.48,202.77,200.6329,1429600
2024-10-11,201.97,203.46,201.76,203.03,200.8901,824800
2024-10-14,204.07,205.3,203.84,204.75,202.592,1012700
2024-10-15,204.89,205.14,201.12,202.02,199.8908,1813700
2024-10-16,202.13,202.34,200.68,202.02,199.8908,1498100
2024-10-17,204.3,204.315,202.16,202.2,200.0689,1399600
2024-10-18,203.33,203.949,203.04,203.52,201.375,1661200
2024-10-21,203.02,204.23,202.24,203.89,201.741,1296000
2024-10-22,202.79,204.72,202.48,204.11,201.9587,2778500
2024-10-23,203.14,203.39,199.63,201.02,198.9013,1568400
2024-10-24,202.51,202.847,201.47,202.62,200.4844,1456100
2024-10-25,203.78,205.885,203.5,203.85,201.7015,2144700
2024-10-28,205.15,205.15,203.78,203.91,201.7608,1485300
2024-10-29,204.02,206.33,203.26,205.81,203.6408,1227300
2024-10-30,205.56,205.9,204.13,204.31,202.1566,1158200
2024-10-31,202.66,202.67,199.13,199.13,197.0312,2249100
2024-11-01,199.8,201.98,199.7,200.6,198.4857,1574500
2024-11-04,200.37,201.4,199.32,200.02,197.9118,1606300
2024-11-05,200.71,202.855,200.67,202.58,200.4449,1277400
2024-11-06,206.1,208.415,205.623,208.07,205.877,2837100
2024-11-07,209.27,211.675,209.23,211.35,209.1224,1749800
2024-11-08,211.18,211.92,210.9,211.62,209.3896,1311100
2024-11-11,212.12,212.19,210.27,211.5,209.2709,1503000
2024-11-12,211.44,211.81,209.87,211.13,208.9047,1384100
2024-11-13,210.89,211.92,209.92,210.83,208.6079,1322700
2024-11-14,210.7,211.03,209.0,209.34,207.1336,1020800
2024-11-15,207.01,207.15,203.54,204.35,202.1962,1775400
2024-11-18,204.99,206.66,204.45,205.8,203.6309,1323400
2024-11-19,204.71,207.41,204.63,207.21,205.026,1283600
2024-11-20,207.09,207.225,204.38,207.11,204.9271,2509100
2024-11-21,208.36,208.65,204.8,207.88,205.689,3741000
2024-11-22,207.63,208.47,206.95,208.18,205.9858,1603300
2024-11-25,209.89,210.5,207.595,208.51,206.3123,1484800
2024-11-26,209.12,209.95,208.78,209.63,207.4205,1175800
2024-11-27,209.15,209.18,206.61,208.0,205.8077,1384200
2024-11-29,208.24,210.03,207.98,209.8,207.5888,823500
2024-12-02,210.33,212.49,210.24,212.1,209.8645,1647000
2024-12-03,211.53,212.85,211.325,212.75,210.5076,1030600
2024-12-04,214.17,215.47,213.89,215.37,213.1,1823800
2024-12-05,215.46,215.681,214.65,214.8,212.5361,870500
2024-12-06,215.09,216.799,215.03,216.72,214.4358,1054900
2024-12-09,216.31,216.656,214.541,215.04,212.7735,1864800
2024-12-10,215.5,216.24,213.72,214.28,212.0215,1863900
2024-12-11,216.09,218.4,215.955,218.13,215.831,1848200
2024-12-12,217.22,217.71,216.53,216.73,214.4457,1325600
2024-12-13,218.35,219.43,217.05,218.41,216.108,1437000
2024-12-16,219.44,221.92,219.41,221.51,219.1753,1637300
2024-12-17,220.77,221.24,219.85,220.58,218.2551,2469100
2024-12-18,220.25,220.974,212.0,212.64,210.3988,3030500
2024-12-19,214.53,214.74,211.503,211.62,209.3896,2434100
2024-12-20,210.12,216.02,209.7,213.54,211.2894,3053000
2024-12-23,213.86,215.4,212.49,215.28,213.3207,1816700
2024-12-24,216.07,218.22,215.85,218.21,216.224,1786500
2024-12-26,217.5,218.7,216.73,218.04,216.0556,970300
2024-12-27,216.55,216.73,213.2,215.15,213.1919,1696000
2024-12-30,212.22,213.77,210.76,212.26,210.3282,3511900
2024-12-31,212.8,213.1,210.08,210.45,208.5347,2356500
2025-01-02,211.75,212.675,208.2,210.05,208.1383,3223300
2025-01-03,211.35,213.928,211.0,213.46,211.5173,2626100
2025-01-06,215.72,217.323,214.92,215.93,213.9648,2185000
2025-01-07,216.48,216.5,211.32,212.09,210.1597,2788800
2025-01-08,212.05,212.777,210.26,212.17,210.239,1991500
2025-01-10,210.58,210.59,207.5,208.85,206.9492,2804600
2025-01-13,206.34,208.31,205.738,208.14,206.2457,1823400
2025-01-14,209.55,210.0,206.52,207.95,206.0574,1651100
2025-01-15,211.2,213.19,210.66,212.66,210.7245,1966900
2025-01-16,213.68,213.7,211.2,211.22,209.2976,1765700
2025-01-17,215.21,215.49,213.64,214.78,212.8252,1776000
2025-01-21,215.97,216.539,214.125,216.1,214.1332,2070000
2025-01-22,218.01,219.76,217.9,218.83,216.8384,2433400
2025-01-23,217.78,219.32,217.58,219.31,217.314,1914400
2025-01-24,219.43,219.77,217.45,218.05,216.0655,1854200
2025-01-27,210.4,213.25,210.04,211.71,209.7832,5208400
2025-01-28,212.18,215.32,210.7,214.81,212.855,2485700
2025-01-29,215.12,215.13,212.8,214.44,212.4883,2332200
2025-01-30,215.635,216.58,213.38,215.34,213.3801,2123100
2025-01-31,216.92,218.82,214.59,214.99,213.0333,3521100
2025-02-03,211.42,214.415,210.42,213.31,211.3686,2447300
2025-02-04,213.52,216.195,213.36,215.95,213.9846,1612600
2025-02-05,214.84,216.965,214.395,216.9,214.9259,1896900
2025-02-06,217.07,218.13,216.47,218.04,216.0556,2485400
2025-02-07,218.27,219.075,214.995,215.35,213.3901,2458600
2025-02-10,217.06,218.32,216.87,217.86,215.8772,1753400
2025-02-11,216.55,218.12,216.5,217.4,215.4214,1318300
2025-02-12,215.05,217.875,214.9,217.54,215.5601,2770200
2025-02-13,218.22,220.75,217.89,220.61,218.6022,2011800
2025-02-14,220.71,221.83,220.55,221.56,219.5435,1483300
2025-02-18,222.22,222.28,220.7,222.09,220.0687,1868400
2025-02-19,221.76,222.64,220.88,222.1,220.0786,1409600
2025-02-20,221.79,221.93,219.245,221.18,219.167,1561200
2025-02-21,221.63,221.63,216.45,216.61,214.6386,2301200
2025-02-24,217.33,217.79,213.89,214.04,212.092,2555400
2025-02-25,213.765,213.81,209.783,211.37,209.4463,2772400
2025-02-26,212.26,213.94,210.58,211.88,209.9516,1783100
2025-02-27,213.3,213.7,205.9,206.05,204.1747,2649900
2025-02-28,205.91,209.44,204.58,209.26,207.3555,3422000
2025-03-03,210.6,211.2,203.202,204.75,202.8865,5424500
2025-03-04,203.47,207.36,200.77,204.02,202.1632,3914000
2025-03-05,204.26,207.32,202.27,206.64,204.7593,2558800
2025-03-06,203.27,205.25,200.18,201.06,199.2301,3010400
2025-03-07,200.56,203.07,197.9,202.5,200.657,3193800
2025-03-10,199.03,199.25,192.95,194.87,193.0964,4535200
2025-03-11,194.4,197.1,192.3,194.13,192.3632,5166800
2025-03-12,197.28,198.039,194.25,196.38,194.5927,2607700
2025-03-13,196.08,196.08,192.03,192.82,191.0651,3356000
2025-03-14,195.02,197.82,194.81,197.48,195.6827,2113100
2025-03-17,197.46,200.02,196.74,198.76,196.951,2280100
2025-03-18,197.37,197.38,194.49,195.48,193.7009,1485100
2025-03-19,196.3,199.785,195.52,197.99,196.188,1629400
2025-03-20,196.35,199.475,196.094,197.3,195.5043,1797200
2025-03-21,195.14,198.26,194.77,198.01,196.2079,2205100
2025-03-24,200.82,202.32,200.526,201.88,200.3644,1728200
2025-03-25,202.31,203.19,201.9,203.13,201.605,1713800
2025-03-26,202.69,202.99,198.808,199.42,197.9229,1571700
2025-03-27,198.59,200.28,197.71,198.24,196.7517,2509900
2025-03-28,197.53,197.8,192.72,193.08,191.6305,2568800
2025-03-31,190.19,193.43,188.29,193.02,191.5709,2543200
2025-04-01,192.36,194.955,191.22,194.6,193.1391,2453300
2025-04-02,191.93,197.415,191.9,196.0,194.5286,2414900
2025-04-03,187.9,189.38,185.35,185.63,184.2364,5097300
2025-04-04,180.31,181.3,174.24,174.28,172.9716,9258700
2025-04-07,168.13,182.41,165.72,174.51,173.1999,11320900
2025-04-08,180.44,182.42,168.815,171.4,170.1133,5903100
2025-04-09,171.12,192.59,171.05,191.52,190.0822,7402900
2025-04-10,186.76,187.51,178.14,183.75,182.3705,6143800
2025-04-11,183.19,187.61,181.71,187.02,185.616,3725700
2025-04-14,191.3,191.43,186.36,188.42,187.0055,3689000
2025-04-15,188.76,190.32,187.89,188.58,187.1643,2441400
2025-04-16,184.86,186.34,180.25,182.9,181.5269,3299400
2025-04-17,184.07,184.35,181.74,182.86,181.4872,2914200
2025-04-21,180.44,180.78,176.19,178.4,177.0607,2380800
2025-04-22,180.7,184.27,180.18,183.0,181.6262,2530000
2025-04-23,188.64,190.769,186.46,187.07,185.6656,3557100
2025-04-24,187.94,192.55,187.7,192.38,190.9357,2609500
2025-04-25,192.26,194.77,191.638,194.56,193.0994,1995600
2025-04-28,194.74,195.49,191.91,194.51,193.0497,3854100
2025-04-29,193.68,196.169,193.35,195.81,194.34,2519600
2025-04-30,192.37,196.44,190.43,195.85,194.3797,2990400
2025-05-01,199.02,200.565,197.94,198.15,196.6624,2594400
2025-05-02,200.32,202.12,199.63,201.24,199.7292,2375200
2025-05-05,199.535,201.37,199.36,200.12,198.6176,1349800
2025-05-06,197.46,199.68,196.9,198.21,196.722,2997000
2025-05-07,198.49,200.0,196.36,199.02,197.5259,2086300
2025-05-08,201.11,202.84,199.36,201.03,199.5208,3490500
2025-05-09,201.88,202.355,200.17,200.96,199.4513,1836700
2025-05-12,208.75,209.11,206.47,209.07,207.5005,4901900
2025-05-13,209.64,213.0,209.34,212.27,210.6764,5310200
2025-05-14,212.76,213.771,212.37,213.54,211.9369,3653400
2025-05-15,212.66,214.885,212.11,213.82,212.2148,2689300
2025-05-16,214.37,214.79,212.96,214.7,213.0882,2074300
2025-05-19,211.76,215.11,211.76,214.94,213.3264,2748000
2025-05-20,213.88,214.47,212.73,214.2,212.5919,1941200
2025-05-21,212.55,215.3,210.49,211.21,209.6244,5052400
2025-05-22,211.49,213.14,210.994,211.67,210.0809,2382500
2025-05-23,208.41,210.72,208.175,209.66,208.086,3368900
2025-05-27,212.52,214.79,211.9,214.61,212.9989,4156100
2025-05-28,215.0,215.6,213.42,213.66,212.056,2878000
2025-05-29,216.7,216.77,213.0,214.09,212.4827,3071500
2025-05-30,213.9,214.35,210.8,213.75,212.1453,2455100
2025-06-02,212.96,215.5,212.46,215.43,213.8127,3040900
2025-06-03,215.6,217.7,215.25,217.11,215.4801,2408700
2025-06-04,217.39,218.15,216.57,217.68,216.0458,2358900
2025-06-05,218.29,219.46,215.26,216.02,214.3983,3755200
2025-06-06,218.23,218.95,217.49,218.16,216.5222,2287200
2025-06-09,218.28,219.17,217.81,218.52,216.8795,1896500
2025-06-10,218.69,220.23,217.81,219.95,218.2988,2357400
2025-06-11,220.53,221.02,218.3,219.22,217.5742,3214800
2025-06-12,218.62,220.13,218.508,219.72,218.0705,2675500
2025-06-13,217.29,218.99,216.47,216.94,215.3114,4208800
2025-06-16,218.45,220.435,218.439,219.99,218.3385,2344300
2025-06-17,218.95,219.6,217.39,217.82,216.1848,2543900
2025-06-18,218.26,219.25,217.2,217.8,216.1649,1910200
2025-06-20,219.09,219.69,216.13,216.84,215.2121,3764800
2025-06-23,216.82,219.02,215.55,218.8,217.4743,2517300
2025-06-24,220.98,222.555,220.74,222.15,220.804,3820400
2025-06-25,223.12,223.61,222.07,222.73,221.3805,2368600
2025-06-26,223.64,225.01,222.9,224.81,223.4479,2206000
2025-06-27,225.21,226.37,224.15,225.59,224.2232,2310100
2025-06-30,226.91,227.54,226.0,227.1,225.724,4333900
2025-07-01,226.3,226.67,224.19,225.11,223.7461,4690000
2025-07-02,224.8,226.792,224.8,226.71,225.3364,3452400
2025-07-03,227.78,229.35,227.73,228.92,227.533,1961200
2025-07-07,227.83,228.16,226.25,227.18,225.8035,2752100
2025-07-08,227.77,228.01,226.88,227.35,225.9725,2538900
2025-07-09,228.22,229.52,227.68,228.97,227.5827,2980700
2025-07-10,229.21,229.38,227.54,228.63,227.2448,2253800
2025-07-11,227.72,228.76,227.24,228.13,226.7478,2328900
2025-07-14,228.05,229.23,227.07,228.94,227.5529,1550400
2025-07-15,230.61,230.84,229.15,229.17,227.7815,3282500
2025-07-16,229.4,229.655,227.09,229.42,228.03,2870900
2025-07-17,229.68,231.45,229.39,231.25,229.8489,3411300
2025-07-18,231.79,231.85,230.51,231.05,229.6501,2581600
2025-07-21,231.39,233.0,231.375,232.22,230.813,2229900
2025-07-22,232.3,232.3,229.93,231.05,229.6501,2448900
2025-07-23,231.49,232.1,230.34,232.1,230.6937,2567900
2025-07-24,232.62,233.08,231.859,232.59,231.1808,3013600
2025-07-25,232.55,233.67,232.28,233.14,231.7274,2845200
2025-07-28,233.7,234.23,233.36,233.89,232.4729,1726300
2025-07-29,234.94,235.5,233.2,233.54,232.125,2179400
2025-07-30,233.89,234.87,232.6,233.8,232.3834,2449700
2025-07-31,236.49,236.53,232.12,232.57,231.1609,4007700
2025-08-01,230.05,230.08,227.0,228.02,226.6385,6079400
2025-08-04,230.14,232.29,230.139,232.22,230.813,3069500
2025-08-05,232.75,233.2,230.4,230.6,229.2028,3736200
2025-08-06,230.99,233.705,230.84,233.52,232.1051,3821100
2025-08-07,235.31,235.979,232.64,234.35,232.9301,3014400
2025-08-08,234.83,236.59,234.74,236.52,235.087,2043100
2025-08-11,236.58,237.43,235.29,235.83,234.4011,2002500
2025-08-12,236.78,238.9,235.674,238.78,237.3333,3371300
2025-08-13,239.92,240.11,238.34,238.91,237.4625,2522300
2025-08-14,238.09,239.51,237.93,238.695,237.2488,2851300
2025-08-15,238.68,238.69,236.96,237.65,236.2101,2553300
2025-08-18,237.28,237.81,236.8,237.57,236.1306,3544200
2025-08-19,237.26,237.35,233.925,234.36,232.94,3131600
2025-08-20,233.96,233.97,230.05,232.97,231.5585,5472400
2025-08-21,232.31,233.17,230.93,231.92,230.5148,6264700
2025-08-22,232.45,236.279,231.86,235.47,234.0433,3693800
2025-08-25,234.82,235.99,234.31,234.78,233.3575,3190900
2025-08-26,234.56,235.84,234.16,235.76,234.3316,4086700
2025-08-27,235.32,236.445,234.8,236.1,234.6695,4986100
2025-08-28,236.34,237.93,235.66,237.58,236.1405,3446400
2025-08-29,236.55,236.69,234.06,234.81,233.3873,3796500
2025-09-02,231.07,232.96,230.37,232.85,231.4392,3856900
2025-09-03,234.32,235.34,233.3,234.63,233.2084,2911400
2025-09-04,234.98,236.94,234.25,236.79,235.3553,2430400
2025-09-05,238.97,239.22,235.29,237.15,235.7131,3916700
2025-09-08,238.1,239.1,237.86,238.28,236.8363,2555100
2025-09-09,238.67,239.15,237.55,238.99,237.542,3080400
2025-09-10,240.25,240.3,238.17,239.06,237.6116,4142200
2025-09-11,240.11,240.77,239.435,240.46,239.0031,3322000
2025-09-12,240.84,242.01,240.46,241.5,240.0368,3439900
2025-09-15,242.245,243.61,242.18,243.6,242.1241,2979700
2025-09-16,243.95,244.06,243.085,243.38,241.9054,2914700
2025-09-17,243.35,243.6,240.58,242.89,241.4184,3777000
2025-09-18,244.9,246.23,244.11,245.12,243.6348,3904600
2025-09-19,245.91,247.04,245.3,246.79,245.2947,3421600
2025-09-22,246.06,248.17,246.06,247.9,246.6999,3349500
2025-09-23,247.95,248.025,245.75,246.25,245.0579,4309500
2025-09-24,246.8,246.93,244.26,245.39,244.202,4087500
2025-09-25,243.78,244.97,242.265,244.33,243.1472,4235600
2025-09-26,244.64,245.44,243.32,245.37,244.1821,3601000
2025-09-29,246.63,247.81,245.94,246.48,245.2867,3760700
2025-09-30,246.345,247.28,245.38,247.12,245.9237,4056100
2025-10-01,245.83,248.55,245.49,248.33,247.1278,3741100
2025-10-02,249.92,249.93,248.195,249.33,248.123,2760700
2025-10-03,249.71,249.99,247.58,248.32,247.1179,3273900
2025-10-06,250.45,250.845,249.46,250.17,248.9589,3054600
2025-10-07,250.71,250.98,248.27,248.85,247.6453,3510100
2025-10-08,249.21,251.835,249.169,251.71,250.4914,3288800
2025-10-09,251.72,251.78,250.08,251.41,250.1929,4273100
2025-10-10,251.69,252.42,242.5,242.67,241.4952,10564800
2025-10-13,246.86,248.2,245.85,247.83,246.6302,5619600
2025-10-14,245.11,248.09,242.93,246.21,245.0181,4754800
2025-10-15,248.64,249.75,245.34,247.88,246.68,5317500
2025-10-16,249.09,250.41,245.15,247.0,245.8042,6456600
2025-10-17,246.11,249.26,245.515,248.61,247.4065,5993800
2025-10-20,249.94,252.26,249.9,251.76,250.5412,3737500
2025-10-21,251.79,252.23,250.86,251.69,250.4716,3034500
2025-10-22,251.45,251.67,246.89,249.26,248.0533,6225000
2025-10-23,249.03,251.67,248.915,251.39,250.173,3357600
2025-10-24,253.58,254.58,253.24,254.02,252.7903,3295200
2025-10-27,257.075,258.77,256.905,258.58,257.3282,4014900
2025-10-28,259.5,261.28,259.05,260.57,259.3086,3408000
2025-10-29,261.66,262.234,259.47,261.79,260.5226,4368400
2025-10-30,260.245,260.795,257.71,257.72,256.4723,7240500
2025-10-31,261.07,261.07,258.02,258.96,257.7063,5000300
2025-11-03,261.48,261.75,259.3,260.23,258.9702,4537400
2025-11-04,256.58,258.1,254.61,254.95,253.7157,6876800
2025-11-05,254.64,257.95,254.11,256.58,255.3378,3666700
2025-11-06,255.99,256.07,251.27,251.83,250.6109,5797600
2025-11-07,250.44,251.09,246.45,251.06,249.8446,5909500
2025-11-10,254.81,257.005,253.979,256.58,255.3378,4910700
2025-11-11,255.49,256.35,254.23,255.89,254.6512,3758800
2025-11-12,257.25,257.25,254.34,255.71,254.4721,3860000
2025-11-13,254.26,254.44,249.52,250.48,249.2674,6283400
2025-11-14,246.84,252.5,245.86,250.65,249.4366,5872000
2025-11-17,249.59,252.14,246.96,248.53,247.3268,5541100
2025-11-18,246.86,247.95,243.47,245.51,244.3215,8310100
2025-11-19,245.81,249.53,244.79,246.95,245.7545,5309200
2025-11-20,251.83,252.78,240.762,241.11,239.9428,12592000
2025-11-21,241.87,245.735,239.1,242.92,241.744,11263600
2025-11-24,245.08,249.76,245.02,249.14,247.9339,4607100
2025-11-25,248.46,251.24,245.92,250.67,249.4565,5072900
2025-11-26,252.19,253.68,251.31,252.92,251.6956,3576400
2025-11-28,253.66,254.95,253.39,254.9,253.666,1616900
2025-12-01,252.65,255.027,252.17,254.13,252.8997,3879200
2025-12-02,255.05,256.79,254.27,256.09,254.8502,3560100
2025-12-03,255.11,256.995,254.45,256.71,255.4672,5199600
2025-12-04,257.31,257.31,255.08,256.46,255.2184,3034100
2025-12-05,257.07,258.92,256.81,257.53,256.2833,3551100
2025-12-08,258.2,258.89,255.97,257.03,255.7857,3494700
2025-12-09,256.5,257.66,255.93,257.35,256.1041,3801800
2025-12-10,256.81,259.03,255.67,258.39,257.1391,5872700
2025-12-11,256.84,257.63,254.34,257.55,256.3032,5368200
2025-12-12,256.13,256.71,251.7,252.57,251.3473,7614600
2025-12-15,254.58,254.595,250.876,251.36,250.1431,5671600
2025-12-16,250.39,252.57,249.87,251.85,250.6308,7126800
2025-12-17,252.41,252.64,247.14,247.19,245.9933,6585600
2025-12-18,251.01,252.34,249.88,250.76,249.546,7752500
2025-12-19,251.97,254.262,251.91,254.1,252.8699,4951900
2025-12-22,255.82,255.93,254.35,254.93,254.0187,4182100
2025-12-23,254.48,256.25,254.355,256.18,255.2643,3349200
2025-12-24,256.09,257.005,255.98,256.87,255.9518,2482100
2025-12-26,257.165,257.51,256.57,256.88,255.9618,2818900
2025-12-29,255.3,256.38,254.75,255.65,254.7362,4167200
2025-12-30,255.21,256.16,254.95,255.04,254.1283,3761000
2025-12-31,255.12,255.23,252.83,252.92,252.0159,3854000
2026-01-02,255.295,256.4,251.22,252.44,251.5376,4862400
2026-01-05,254.97,255.59,253.95,254.43,253.5205,6039600
2026-01-06,254.94,256.92,254.67,256.69,255.7725,6006800
2026-01-07,256.53,258.53,256.33,256.93,256.0116,5089000
2026-01-08,256.52,256.66,254.38,255.45,254.5369,6937600
2026-01-09,255.83,258.52,254.9,258.01,257.0877,8055000
2026-01-12,256.22,258.91,256.21,258.24,257.3169,4913700
2026-01-13,258.25,259.163,256.8,257.84,256.9183,6425700
2026-01-14,256.19,256.67,253.05,255.11,254.1981,7379800
2026-01-15,258.0,258.25,255.59,256.0,255.0849,4556900
2026-01-16,257.53,257.77,254.82,255.71,254.796,4390800
2026-01-20,251.39,253.22,249.94,250.37,249.475,8566000
2026-01-21,250.93,255.4,250.28,253.7,252.7931,7829600
2026-01-22,256.26,256.26,254.36,255.59,254.6764,5104600
2026-01-23,255.16,257.49,254.72,256.4,255.4835,5091500
2026-01-26,256.6,258.39,256.17,257.54,256.6194,5672100
2026-01-27,258.97,260.225,258.3,259.85,258.9212,4049900
2026-01-28,261.63,262.1,260.14,260.76,259.8279,4196600
2026-01-29,260.48,260.89,254.57,259.14,258.2137,6144200
2026-01-30,257.65,258.65,255.0,256.05,255.1347,4383100
2026-02-02,254.77,258.77,254.76,257.82,256.8984,5266100
2026-02-03,258.595,258.86,251.56,253.81,252.9027,6529900
2026-02-04,253.235,253.24,247.241,249.38,248.4886,7062100
2026-02-05,247.12,249.015,244.9,245.83,244.9513,8582600
2026-02-06,247.11,251.72,246.57,251.01,250.1127,5173600
2026-02-09,250.16,253.815,249.13,252.93,252.0259,3681400
2026-02-10,253.35,254.04,251.58,251.78,250.88,4640000
2026-02-11,253.77,254.22,250.21,252.43,251.5277,3899400
2026-02-12,253.115,253.55,246.88,247.32,246.436,7342300
2026-02-13,247.23,249.7,245.57,247.83,246.9441,5642200
2026-02-17,246.38,248.66,244.3,247.57,246.6851,10222000
2026-02-18,247.935,251.06,247.36,249.38,248.4886,4930800
2026-02-19,248.21,249.43,247.35,248.51,247.6217,3996700
2026-02-20,247.07,251.31,246.75,250.67,249.774,6562500
2026-02-23,249.78,250.34,246.66,247.65,246.7648,4938200
2026-02-24,247.995,250.74,246.95,250.31,249.4153,3395500
2026-02-25,251.6,253.97,251.59,253.83,252.9227,2906700
2026-02-26,253.44,253.49,248.69,250.88,249.9832,7799200
2026-02-27,248.26,250.46,247.95,250.06,249.1662,4241400
2026-03-02,246.61,251.12,246.23,250.36,249.4651,4883900
2026-03-03,245.54,248.65,243.7,247.72,246.8345,5294500
2026-03-04,248.76,252.34,248.45,251.37,250.4715,3746300
2026-03-05,250.11,252.3,247.98,250.72,249.8238,3834800
2026-03-06,247.18,249.52,246.39,246.97,246.0872,3808900
2026-03-09,244.65,250.86,243.48,250.21,249.3156,6879600
2026-03-10,250.29,252.52,249.28,250.27,249.3754,4517500
2026-03-11,250.75,252.17,249.13,250.21,249.3156,2976400
2026-03-12,248.18,248.73,245.84,245.94,245.0609,4443300
2026-03-13,246.93,248.54,243.99,244.45,243.5762,4280500
2026-03-16,247.11,248.63,246.7,247.17,246.2865,2999700
2026-03-17,248.36,249.47,247.82,248.45,247.5619,1866300
2026-03-18,247.65,248.35,244.83,244.96,244.0844,2507900
2026-03-19,242.7,245.31,241.73,244.2,243.3271,4655000
2026-03-20,243.36,243.4,238.24,239.64,238.7834,5232400
2026-03-23,243.12,245.0,241.28,242.07,241.5353,4466900
2026-03-24,240.75,242.04,239.6,240.42,239.8889,4053200
2026-03-25,242.56,243.48,241.14,241.98,241.4455,3124900
2026-03-26,239.85,240.68,236.093,236.21,235.6882,4667800
2026-03-27,234.995,235.06,231.21,231.61,231.0984,4925100
2026-03-30,233.57,233.85,228.75,229.87,229.3622,3825000
2026-03-31,232.33,238.24,232.3,237.62,237.0951,6062700
2026-04-01,239.4,241.98,238.99,240.57,240.0386,4401200
2026-04-02,236.32,241.23,235.5,240.86,240.328,2931400
2026-04-06,241.35,243.16,240.73,242.32,241.7847,2737700
2026-04-07,241.09,242.48,238.19,242.38,241.8446,2968600
2026-04-08,250.62,251.13,247.92,249.54,248.9888,5607600
2026-04-09,249.49,251.38,248.3,251.23,250.6751,2747700
2026-04-10,251.92,252.63,250.98,251.6,251.0443,2156500
2026-04-13,250.92,254.27,250.395,254.17,253.6086,2659600
2026-04-14,255.37,258.8,255.37,258.78,258.2084,5667700
2026-04-15,259.05,262.55,258.645,262.48,261.9002,4100500
2026-04-16,263.19,264.41,261.555,263.69,263.1075,2719200
2026-04-17,265.82,267.62,265.19,267.13,266.5399,3096100
2026-04-20,266.9,267.1,264.539,266.3,265.7118,2852200
2026-04-21,266.96,267.62,264.43,265.31,264.724,3194400
2026-04-22,267.73,269.81,267.03,269.63,269.0344,2691200
2026-04-23,269.06,270.44,265.771,268.22,267.6276,4094100
2026-04-24,271.12,273.56,270.32,273.38,272.7762,4126400
2026-04-27,273.13,273.56,272.02,273.51,272.9059,2564700
2026-04-28,270.7,271.58,269.2,270.76,270.1619,2789300
2026-04-29,271.165,272.43,270.35,272.39,271.7884,2600300
2026-04-30,273.96,275.33,270.731,274.9,274.2928,3022300
2026-05-01,275.56,278.3,275.38,277.54,276.927,3261100
2026-05-04,277.77,278.65,275.401,277.05,276.438,3726500
2026-05-05,279.14,281.12,278.975,280.62,280.0002,3587300
2026-05-06,283.21,286.52,282.65,286.4,285.7674,3691100
2026-05-07,286.81,288.7,284.83,286.12,285.488,6151200
2026-05-08,288.18,292.82,288.03,292.82,292.1732,3708900
2026-05-11,292.47,294.22,291.92,293.71,293.0612,4695700
2026-05-12,291.59,292.39,286.83,291.14,290.4969,6292100
2026-05-13,292.33,295.05,290.2,294.16,293.5103,4316000
2026-05-14,294.32,297.29,294.11,296.37,295.7153,4208500
2026-05-15,292.4,294.44,290.51,291.89,291.2453,3921900
2026-05-18,292.98,293.1,287.745,290.63,289.988,4581400
2026-05-19,288.22,290.87,286.261,288.84,288.202,5077500
2026-05-20,290.42,293.63,289.79,293.63,292.9814,4758000
2026-05-21,291.89,295.21,291.0,294.21,293.5601,3644700
2026-05-22,295.69,297.33,294.79,295.44,294.7874,2889100
2026-05-26,298.9,301.045,298.17,300.68,300.0158,3841800
2026-05-27,301.8,301.82,298.69,300.38,299.7165,3946400
2026-05-28,300.47,303.26,299.11,302.85,302.1811,4287800
2026-05-29,303.81,305.33,302.76,303.96,303.2886,3727400
2026-06-01,303.49,306.98,303.03,305.82,305.1445,3973100
2026-06-02,305.73,307.33,304.395,307.23,306.5514,3138500
2026-06-03,307.715,308.21,305.105,306.61,305.9327,5458300
2026-06-04,302.82,306.11,301.69,304.94,304.2664,4179400
2026-06-05,300.58,301.2,290.0,290.35,289.7086,9025500
2026-06-08,295.53,297.7,293.63,294.81,294.1588,4534400
2026-06-09,297.7,298.77,282.59,291.52,290.8761,9420200
2026-06-10,288.83,292.805,285.32,285.92,285.2885,6462300
2026-06-11,287.92,295.75,286.22,295.02,294.3683,6043300
2026-06-12,295.47,298.09,292.9,297.01,296.3539,5395000
2026-06-15,303.93,306.64,303.62,306.24,305.5636,4042200
2026-06-16,305.62,306.41,300.39,300.56,299.8961,5179400
2026-06-17,302.69,302.88,296.807,297.57,296.9127,4511400
2026-06-18,303.5,305.415,301.62,304.52,303.8474,3132400
2026-06-22,305.56,306.88,302.381,303.9,303.5796,2746500
2026-06-23,294.65,297.9,293.19,293.87,293.5602,4287600
2026-06-24,294.52,296.359,290.02,292.63,292.3215,4441500
2026-06-25,298.835,299.24,290.46,294.88,294.5692,4482700
2026-06-26,291.14,294.529,289.42,290.95,290.6433,3535000
2026-06-29,294.01,298.3,290.35,298.05,297.7358,3559900
2026-06-30,298.2,303.69,298.08,302.97,302.6506,3783800
2026-07-01,300.2,301.34,298.35,298.61,298.2952,3289400
2026-07-02,298.69,300.873,291.35,293.42,293.1107,3499200
2026-07-06,296.37,298.928,295.86,297.52,297.2064,2554600
2026-07-07,294.03,294.92,290.24,292.14,291.8321,3116700
2026-07-08,290.27,293.25,288.62,292.87,292.5612,2407800
2026-07-09,295.73,298.179,294.45,297.78,297.4661,2123900
2026-07-10,297.0,299.04,295.22,298.72,298.4051,2626400
2026-07-13,295.49,295.845,292.37,293.06,292.7511,3386900
2026-07-14,296.55,297.39,294.105,296.31,295.9977,2465300
2026-07-15,298.06,298.22,292.45,295.56,295.2484,3217200
2026-07-16,293.165,293.8,289.3,290.68,290.3736,3100000
2026-07-17,284.765,289.14,282.77,286.31,286.0082,3715600
2026-07-20,289.17,290.59,286.37,286.58,286.2779,2376000
2026-07-21,290.95,292.35,289.41,291.9,291.5923,2518000
2026-07-22,289.71,292.17,289.71,290.42,290.1139,2658200
2026-07-23,286.01,287.669,283.2,284.98,284.6796,3904100
2026-07-24,284.27,285.16,280.98,281.68,281.3831,3995400
2026-07-27,284.82,285.05,278.33,280.86,280.5639,3371700
2026-07-28,278.44,279.708,274.99,278.14,277.8468,3737800
2026-07-29,278.03,280.0,272.226,272.51,272.2227,4328500
2026-07-30,277.82,282.09,277.219,281.35,281.0534,3715400
2026-07-31,284.99,286.44,280.03,283.29,282.9914,3517100
2026-08-03,283.425,288.86,282.4,288.27,287.9661,5361200
2026-08-04,291.6,298.759,291.355,298.03,297.7158,4598600
2026-08-05,299.005,299.95,295.18,295.35,295.0387,4679600
2026-08-06,292.64,296.11,291.75,294.26,293.9498,3026500
2026-08-07,296.59,297.94,295.06,297.7,297.3862,2836600
2026-08-10,297.455,298.38,296.59,296.85,296.5371,4003600
2026-08-11,297.82,297.82,294.77,295.83,295.5181,2357100
2026-08-12,299.4,299.43,297.665,297.98,297.6659,2183900
2026-08-13,298.57,302.2,298.115,301.41,301.0923,2206800
2026-08-14,302.01,302.35,299.88,301.01,300.6927,1987500
2026-08-17,301.79,302.45,300.27,300.52,300.2032,2538400
2026-08-18,296.54,297.32,294.77,295.45,295.1385,4173900
2026-08-19,296.64,297.04,293.435,294.85,294.5392,2534600
2026-08-20,293.21,294.36,291.75,292.79,292.4814,2627300
2026-08-21,294.51,294.62,292.06,293.76,293.4503,1675500
2026-08-24,292.235,292.235,289.39,290.81,290.5034,2728600
2026-08-25,292.86,294.0,291.31,292.66,292.3515,3509000
2026-08-26,291.7,293.57,291.51,292.9,292.5912,2202800
2026-08-27,295.2,297.0,294.23,296.92,296.607,3167300
2026-08-28,296.33,298.16,294.45,295.0,294.689,2642700
2026-08-31,294.45,295.44,293.63,295.18,294.8688,2332100
2026-09-01,291.25,293.3,290.15,291.4,291.0928,2555600
2026-09-02,291.15,292.224,290.36,292.02,291.7122,1890600
2026-09-03,292.68,296.005,292.24,295.51,295.1985,2104700
2026-09-04,296.209,297.21,295.05,296.07,295.7579,2243500
2026-09-08,296.84,297.22,294.66,295.76,295.4482,2431400
2026-09-09,294.98,296.27,294.01,294.97,294.6591,1898800
2026-09-10,291.38,293.179,291.05,291.8,291.4924,2312600
2026-09-11,294.66,295.46,293.85,294.39,294.0797,2954700
2026-09-14,289.6,293.55,289.365,292.02,291.7122,3757300
2026-09-15,291.84,292.095,289.72,290.09,289.7842,3601100
2026-09-16,291.54,293.08,288.23,290.2,289.8941,2281900
2026-09-17,294.82,295.65,293.76,295.2,294.8888,2312900
2026-09-18,296.0,297.15,294.49,296.91,296.597,2276600
2026-09-21,299.72,306.007,299.7,305.27,305.27,2938100
2026-09-22,305.18,307.4183,305.12,306.72,306.72,2260849
